feature,pearson_r,p_value,p_fdr_BH,n_samples,fisher_z,t_statistic,abs_r,neg_log10_p,sig_p_0_05,sig_p_0_01,sig_p_0_001,sig_fdr_0_05,sig_fdr_0_10
"Acquisition protocol (2.0)",0.115269108287042,2.45664937103338e-81,4.14805246298987e-77,27280,19.122553593398,19.1656593080149,0.115269108287042,80.6096568244283,1,1,1,1,1
"Diagnoses - secondary ICD10 (Z130)",-0.0892473590444533,1.96442850179471e-79,1.65846876264019e-75,44535,-18.8837628702403,-18.9091876846011,0.0892473590444533,78.7067637733378,1,1,1,1,1
"Diagnoses - ICD10 (Z130 - Z13.0 Special screening examination for diseases of the blood and blood-forming organs and certain disorders involving the immune mechanism)",-0.0884680346781493,4.43596604587586e-78,2.4967095561538e-74,44535,-18.717996265635,-18.7427608850355,0.0884680346781493,77.3530117867215,1,1,1,1,1
"Water hardness (USGS classification) (0.0)",0.0723428330887338,3.13558474676276e-52,1.32360871122723e-48,44079,15.2144391685874,15.2279326553013,0.0723428330887338,51.5036814568711,1,1,1,1,1
"Caffeine drink within last hour (2.0)",-0.0854285804403199,9.90779123222807e-48,3.34586109912342e-44,28761,-14.5225334512534,-14.5405435346785,0.0854285804403199,47.0040231530396,1,1,1,1,1
"When invitation to complete online cognitive function questionnaire sent (0.0)",0.0718084966297154,3.33969374349875e-45,9.39845480982941e-42,38508,14.1150540563794,14.1274131367527,0.0718084966297154,44.4762933570228,1,1,1,1,1
"Verbal interview duration (2.0)",0.0587135435116798,2.00871646027244e-31,4.84531106167146e-28,39382,11.6646154427097,11.6714821039707,0.0587135435116798,30.6970813616238,1,1,1,1,1
"Number of self-reported non-cancer illnesses (2.0)",0.058148031037659,7.48379576217184e-31,1.57954864305339e-27,39382,11.5520098842204,11.558682391587,0.058148031037659,30.1258780731993,1,1,1,1,1
"L1-L4 average height (2.0)",0.0672937642007905,4.79634591622896e-30,8.99847786616955e-27,28576,11.3922522599054,11.4010779783675,0.0672937642007905,29.319089502785,1,1,1,1,1
"Nitrogen dioxide air pollution; 2007 (0.0)",-0.0529348252801215,1.11318464410339e-28,1.87961227156857e-25,43996,-11.1132071996328,-11.1185340557646,0.0529348252801215,27.9534327931996,1,1,1,1,1
"Water hardness (WHO classification) (0.0)",0.0527903244642467,1.39120691864067e-28,2.13550262011343e-25,44079,11.0932637767219,11.0985524760839,0.0527903244642467,27.8566082712009,1,1,1,1,1
"Degree bothered by trouble sleeping in the last 3 months (0.0)",-0.0624101280049688,2.98380864781494e-28,3.8153448160863e-25,31133,-11.0257832370115,-11.0331381017278,0.0624101280049688,27.5252290316896,1,1,1,1,1
"Degree bothered by nausea in the last 3 months (0.0)",-0.0623538592020833,3.36560567705796e-28,3.8153448160863e-25,31128,-11.0149318571938,-11.0222665513274,0.0623538592020833,27.4729367684284,1,1,1,1,1
"Degree bothered by back pain in the past 3 months (0.0)",-0.062309821881938,3.6480490893668e-28,3.8153448160863e-25,31131,-11.0076628188081,-11.0149825272737,0.062309821881938,27.4379393262927,1,1,1,1,1
"Degree bothered by feeling tired all the time in the last 3 months (0.0)",-0.062299454072724,3.70848126654462e-28,3.8153448160863e-25,31133,-11.0061800455423,-11.0134963735039,0.062299454072724,27.4308039104925,1,1,1,1,1
"Degree bothered by feeling heart pound/race in the last 3 months (0.0)",-0.0622968076833115,3.72779403436208e-28,3.8153448160863e-25,31133,-11.0057113054387,-11.0130267135971,0.0622968076833115,27.4285480910099,1,1,1,1,1
"Degree bothered by headaches in the last 3 months (0.0)",-0.0622678664472404,3.95335727745263e-28,3.8153448160863e-25,31132,-11.0004084275908,-11.0077136701048,0.0622678664472404,27.4030339353118,1,1,1,1,1
"Degree bothered by chest pain in the last 3 months (0.0)",-0.0622643623485941,4.06729089070497e-28,3.8153448160863e-25,31121,-10.9978441191623,-11.0051469168934,0.0622643623485941,27.3906947659504,1,1,1,1,1
"Degree bothered by urinary frequency/bladder irritability in the last 3 months (0.0)",-0.0622098564905031,4.51705139531687e-28,4.01423225315397e-25,31122,-10.9883682924499,-10.9956522976137,0.0622098564905031,27.3451449679784,1,1,1,1,1
"Degree bothered by pain in arms/legs/joints in the past 3 months (0.0)",-0.0621681438786905,4.80684188183473e-28,4.05817625873897e-25,31132,-10.9827455893195,-10.990016260865,0.0621681438786905,27.3181401634915,1,1,1,1,1
"Degree bothered by dizziness in the last 3 months (0.0)",-0.0620985050642474,5.51961962615315e-28,4.43803701845695e-25,31131,-10.970235098731,-10.9774815833324,0.0620985050642474,27.2580908497988,1,1,1,1,1
"Degree bothered by fainting spells in the last 3 months (0.0)",-0.0619714116591698,7.15878072607592e-28,5.39932331928611e-25,31125,-10.9466700681631,-10.9538720919999,0.0619714116591698,27.145160939847,1,1,1,1,1
"Head bone area (2.0)",0.0630854263833869,7.35471935703764e-28,5.39932331928611e-25,30020,10.9443459398947,10.9518084655453,0.0630854263833869,27.1334338945225,1,1,1,1,1
"Degree bothered by shortness of breath in the last 3 months (0.0)",-0.0618573030524841,8.85709417021157e-28,6.23133479433427e-25,31130,-10.927339892167,-10.9345032938795,0.0618573030524841,27.0527087378009,1,1,1,1,1
"Ribs bone area (2.0)",0.0619636817855043,6.19677043507643e-27,4.18529875185062e-24,30020,10.7492362677679,10.7563130316198,0.0619636817855043,26.2078345923813,1,1,1,1,1
"Contra-indications for spirometry (2.0)",0.0510427410776266,1.68730040867813e-26,1.09577182309732e-23,43505,10.6553125149472,10.6600705174153,0.0510427410776266,25.7728075882962,1,1,1,1,1
"Conclusion duration (2.0)",-0.050365408446965,2.07238704137307e-26,1.29600945161423e-23,44524,-10.6361007153418,-10.6407251279225,0.050365408446965,25.6835291320179,1,1,1,1,1
"Verbal interview duration (0.0)",-0.0502798048216465,2.51595376671708e-26,1.51720997682207e-23,44524,-10.6179924937666,-10.6225937307675,0.0502798048216465,25.599297343769,1,1,1,1,1
"L1-L4 average width (2.0)",0.0618596623460608,1.22988154272062e-25,7.16087925821987e-23,28576,10.4698472632071,10.4767263105417,0.0618596623460608,24.9101367160567,1,1,1,1,1
"L1-L4 area (2.0)",0.0613133636964977,3.25650206850766e-25,1.83286791422506e-22,28576,10.3771518114611,10.3838529385722,0.0613133636964977,24.4872486416289,1,1,1,1,1
"Nitrogen dioxide air pollution; 2005 (0.0)",-0.0493135063064414,4.20146303059623e-25,2.28844204101992e-22,43996,-10.3516620730913,-10.3559826643122,0.0493135063064414,24.3765994535366,1,1,1,1,1
"Femur shaft bone area (right) (2.0)",0.0590427104756893,9.24156989885392e-24,4.87637211694214e-21,28922,10.0522514186024,10.0582803788542,0.0590427104756893,23.0342542473409,1,1,1,1,1
"Non-cancer illness code, self-reported (1571.0 - chickenpox)",0.0457013071144544,4.95104559719657e-22,2.53328499723224e-19,44535,9.6508897200891,9.6543626433543,0.0457013071144544,21.3053030739675,1,1,1,1,1
"Femur neck bone area (right) (2.0)",0.0563800004873846,7.63419527497913e-22,3.79127609464773e-19,28978,9.60721693347208,9.61248417987684,0.0563800004873846,21.1172367354321,1,1,1,1,1
"Femur shaft bone area (left) (2.0)",0.0550453916156174,1.58253237817739e-21,7.63458834443576e-19,29927,9.53169204712906,9.53667536631089,0.0550453916156174,20.800647395674,1,1,1,1,1
"Femur total area (right) (2.0)",0.0556076960157184,2.96894940714217e-21,1.39251974276654e-18,28922,9.46618051754126,9.47123368516555,0.0556076960157184,20.5273972030056,1,1,1,1,1
"Forced vital capacity (FVC) (2.1)",0.0564485828925005,9.85308926206422e-21,4.4964705997285e-18,27322,9.34001052776537,9.34515315163111,0.0564485828925005,20.0064275827897,1,1,1,1,1
"Legs combined bone area (2.0)",0.0537271163745454,1.21664099062591e-20,5.40604819124172e-18,30020,9.31741794360667,9.32206512897882,0.0537271163745454,19.9148375555348,1,1,1,1,1
"When invitation to complete online cognitive function questionnaire sent (1.0)",0.0446080584542957,4.16938812044318e-20,1.80513124137649e-17,42344,9.18506406430628,9.18822311032998,0.0446080584542957,19.3799276753412,1,1,1,1,1
"Forced vital capacity (FVC) (2.0)",0.0545395894122424,1.83279767133864e-19,7.73669717013823e-17,27331,9.02499473792711,9.02964374472431,0.0545395894122424,18.7368854756112,1,1,1,1,1
"Trunk bone area (2.0)",0.0505085082120984,2.014597428671e-18,8.296701849539e-16,30020,8.75826142078739,8.76213807299232,0.0505085082120984,17.695811724696,1,1,1,1,1
"Femur neck bone area (left) (2.0)",0.0502194599599472,3.33843939329289e-18,1.34213212275596e-15,29972,8.70108997769332,8.70489917936531,0.0502194599599472,17.4764565036292,1,1,1,1,1
"Femur total area (left) (2.0)",0.0502133392443118,3.5693821429333e-18,1.40160505775416e-15,29927,8.69349348374862,8.69729868407444,0.0502133392443118,17.4474069533941,1,1,1,1,1
"Forced expiratory volume in 1-second (FEV1) (2.0)",0.0523015314205848,5.05769964628137e-18,1.94089223926047e-15,27331,8.65395827911357,8.65806984871201,0.0523015314205848,17.2960469649947,1,1,1,1,1
"Arms combined bone area (2.0)",0.0495034299583672,9.32315085466634e-18,3.49825338180091e-15,30020,8.5836908983234,8.58734595608663,0.0495034299583672,17.0304372885541,1,1,1,1,1
"Health score (England) (0.0)",-0.0425420169639306,1.33565701052574e-17,4.90273230928849e-15,40269,-8.54180249706641,-8.54448846777621,0.0425420169639306,16.8743050520104,1,1,1,1,1
"Forced expiratory volume in 1-second (FEV1) (2.1)",0.0511358335236943,2.7299168081916e-17,9.80737134176918e-15,27322,8.45934446506886,8.46319296590023,0.0511358335236943,16.5638505874991,1,1,1,1,1
"Head BMC (bone mineral content) (2.0)",0.0484698518630867,4.36657878678454e-17,1.53603505864285e-14,30020,8.40418843886721,8.40762473127469,0.0484698518630867,16.3598586993995,1,1,1,1,1
"Pelvis bone area (2.0)",0.0484151168590689,4.73442189793817e-17,1.63144313768747e-14,30020,8.39468306633288,8.39810802754671,0.0484151168590689,16.3247330434534,1,1,1,1,1
"QRS num (2.0)",0.0485662588877221,1.27774951409736e-16,4.31496010910678e-14,29004,8.27719031390003,8.28059246088435,0.0485662588877221,15.8935542755262,1,1,1,1,1
"Legs BMD (bone mineral density) (2.0)",0.0476877047451843,1.37528023309681e-16,4.55325622271365e-14,30020,8.26836423188684,8.27164099951652,0.0476877047451843,15.8616087990793,1,1,1,1,1
"Total BMD (bone mineral density) (2.0)",0.0465698722508554,6.86643870728249e-16,2.22961187639355e-13,30020,8.07426397394594,8.07732157453584,0.0465698722508554,15.1632684522844,1,1,1,1,1
"Number of self-reported non-cancer illnesses (0.0)",-0.0377328766016917,1.65869353044124e-15,5.284347219151e-13,44524,-7.96541870730771,-7.96740026980137,0.0377328766016917,14.780233849258,1,1,1,1,1
"Number of treatments/medications taken (0.0)",-0.037640646119829,1.94133979681106e-15,6.07028193873236e-13,44524,-7.94593039652924,-7.94789788568967,0.037640646119829,14.7118984424765,1,1,1,1,1
"Spine BMD (bone mineral density) (2.0)",0.045664825407542,2.45637595002399e-15,7.54107416657365e-13,30020,7.91712664163741,7.92001424889759,0.045664825407542,14.6097051633754,1,1,1,1,1
"Head BMD (bone mineral density) (2.0)",0.0455543757932063,2.86500326906255e-15,8.63849646395021e-13,30020,7.89795089765854,7.90081820895888,0.0455543757932063,14.5428748781521,1,1,1,1,1
"Interpolated Year when non-cancer illness first diagnosed (0.0)",-0.0462343696855333,3.39652919486585e-15,1.00614728868965e-12,28986,-7.87673706505024,-7.87968354541302,0.0462343696855333,14.4689646480791,1,1,1,1,1
"Impedance of leg (right) (2.0)",0.0419443243265737,4.59814151856243e-15,1.33861413001598e-12,34886,7.83853676686815,7.84095047986333,0.0419443243265737,14.3374176664323,1,1,1,1,1
"Impedance of leg (left) (2.0)",0.0407162393336481,2.78849271554681e-14,7.98028805118778e-12,34886,7.60877493446074,7.6109888462399,0.0407162393336481,13.5546304856899,1,1,1,1,1
"Genetic principal components (0.11)",-0.0363882365239157,3.3533576461599e-14,9.43690730923497e-12,43411,-7.58468748191266,-7.58645027471766,0.0363882365239157,13.474520125226,1,1,1,1,1
"Records in HES inpatient diagnoses dataset (0.0)",-0.0385927710982666,5.06526012530808e-14,1.40208061009552e-11,38046,-7.53111179535406,-7.5330822742334,0.0385927710982666,13.2953982466344,1,1,1,1,1
"Distance (Euclidean) to coast (0.0)",-0.0357210624631916,6.29386558098372e-14,1.71406323120823e-11,44079,-7.50257380292839,-7.5042559308817,0.0357210624631916,13.2010825366151,1,1,1,1,1
"Interpolated Age of participant when non-cancer illness first diagnosed (2.0)",-0.0419507365794935,8.24603350707789e-14,2.21006786931762e-11,31651,-7.46737027324115,-7.46968130843976,0.0419507365794935,13.0837549048112,1,1,1,1,1
"Diagnoses - main ICD10 (K709)",-0.035311009333429,9.06141438320214e-14,2.39065596656825e-11,44535,-7.454642689451,-7.45627695040436,0.035311009333429,13.042804008628,1,1,1,1,1
"Legs BMC (bone mineral content) (2.0)",0.0426977021733509,1.35172273674797e-13,3.4634108787747e-11,30020,7.40205443839146,7.40442982204493,0.0426977021733509,12.8691123810638,1,1,1,1,1
"QT interval (2.0)",0.0434372955453972,1.35377623926047e-13,3.4634108787747e-11,29004,7.40189005717921,7.40434850893956,0.0434372955453972,12.8684531126709,1,1,1,1,1
"Records in HES inpatient operations dataset (0.0)",-0.0379110340206778,1.50739315548534e-13,3.79885573587611e-11,37937,-7.38734092808165,-7.38920971823493,0.0379110340206778,12.8217734610303,1,1,1,1,1
"General happiness with own health (0.0)",0.0441499211979546,1.88508082624768e-13,4.68082202223412e-11,27741,7.35783290980889,7.3603592608057,0.0441499211979546,12.7246700238981,1,1,1,1,1
"Number of symbol digit matches attempted (1.0)",0.0402450833273616,2.04952280347502e-13,5.01539022270663e-11,33289,7.34646258080361,7.34855840524389,0.0402450833273616,12.6883472452576,1,1,1,1,1
"Treatment/medication code (1141171038.0 - oxycodone hydrochloride)",-0.0345606465815043,2.97734520440388e-13,7.18178196805136e-11,44535,-7.29610308380606,-7.2976387214553,0.0345606465815043,12.5261708087271,1,1,1,1,1
"Non-cancer illness code, self-reported (1568.0 - measles / morbillivirus)",0.0345281328876685,3.13308598782827e-13,7.45100801471554e-11,44535,7.28923364954712,7.29076510765031,0.0345281328876685,12.5040276857034,1,1,1,1,1
"Total BMC (bone mineral content) (2.0)",0.0419007076259917,3.79379208796695e-13,8.89696936185026e-11,30020,7.26372431589135,7.26597347157387,0.0419007076259917,12.4209264735325,1,1,1,1,1
"Arms BMD (bone mineral density) (2.0)",0.0414786956413207,6.50243207613832e-13,1.50402144665199e-10,30020,7.1904816897312,7.19266589171781,0.0414786956413207,12.1869241757122,1,1,1,1,1
"Femur wards bone area (right) (2.0)",0.0421864233608267,6.7576200974508e-13,1.54192453169536e-10,28978,7.18525631508352,7.18751432365107,0.0421864233608267,12.1702062272132,1,1,1,1,1
"Operative procedures - OPCS4 (K601 - K60.1 Implantation of intravenous cardiac pacemaker system NEC)",-0.0339049392087351,8.25076733279495e-13,1.8575227521899e-10,44535,-7.15756938688415,-7.15902222155091,0.0339049392087351,12.0835056595832,1,1,1,1,1
"Length of working week for main job (0.0)",0.0392803248196772,1.20189663927823e-12,2.67026641502802e-10,32696,7.10601256624121,7.1079506576012,0.0392803248196772,11.9201328791895,1,1,1,1,1
"Greenspace percentage, buffer 1000m (0.0)",0.034844452230336,1.73696197968836e-12,3.80890948403091e-10,40962,7.05479130218244,7.05630626183319,0.034844452230336,11.7602096877085,1,1,1,1,1
"Number of symbol digit matches made correctly (1.0)",0.0375109727920733,7.58735924522478e-12,1.64246872891821e-09,33289,6.84688369101105,6.84859386231581,0.0375109727920733,11.1199093525347,1,1,1,1,1
"Operative procedures - secondary OPCS4 (Y781 - Y78.1 Arteriotomy approach to organ using image guidance with fluoroscopy)",-0.0323502569910206,8.57634905727745e-12,1.83305890926747e-09,44535,-6.8291304087774,-6.83039915124013,0.0323502569910206,11.0666975515127,1,1,1,1,1
"RR interval (2.0)",0.0400415152609518,8.99466408042996e-12,1.89843628747575e-09,29004,6.82258973732183,6.82453262794301,0.0400415152609518,11.0460150514112,1,1,1,1,1
"Impedance of whole body (2.0)",0.0362602132909106,1.248407325068e-11,2.60238983750285e-09,34885,6.77519015885083,6.77677336923294,0.0362602132909106,10.9036436917631,1,1,1,1,1
"Diagnoses - main ICD10 (H491)",-0.0320198031020206,1.39154773200766e-11,2.86540042133528e-09,44535,-6.75932371327395,-6.76055548757354,0.0320198031020206,10.8565018921743,1,1,1,1,1
"Diagnoses - secondary ICD10 (K605)",-0.0319293454041961,1.58735619478064e-11,3.22921799383989e-09,44535,-6.74021524527404,-6.74143702941994,0.0319293454041961,10.7993256088027,1,1,1,1,1
"Diagnoses - secondary ICD10 (M1999)",-0.0318969493547096,1.66384687135642e-11,3.34453028843489e-09,44535,-6.73337186480335,-6.73459008459253,0.0318969493547096,10.7788866455844,1,1,1,1,1
"Diagnoses - secondary ICD10 (G620)",-0.0318661170999295,1.73999165373709e-11,3.45644224392361e-09,44535,-6.7268588353569,-6.72807366942977,0.0318661170999295,10.759452834904,1,1,1,1,1
"Diagnoses - main ICD10 (I672)",-0.0318288939885854,1.83647530000363e-11,3.60568435355364e-09,44535,-6.71899581347467,-6.72020656859332,0.0318288939885854,10.7360149083991,1,1,1,1,1
"Femur troch bone area (right) (2.0)",0.039364525223328,2.03760600474981e-11,3.95459510232189e-09,28978,6.70411126543005,6.70596031768597,0.039364525223328,10.6908797881927,1,1,1,1,1
"Diagnoses - secondary ICD10 (S320)",-0.0316140631872435,2.5046133570974e-11,4.80572687893065e-09,44535,-6.67361525041556,-6.6748026462735,0.0316140631872435,10.6012593076567,1,1,1,1,1
"Diagnoses - secondary ICD10 (Z504)",-0.0315756404263133,2.64697224246587e-11,4.96601403489291e-09,44535,-6.66549894440098,-6.66668219506011,0.0315756404263133,10.5772506129137,1,1,1,1,1
"Diagnoses - ICD10 (Z504 - Z50.4 Psychotherapy, not elsewhere classified)",-0.0315756404263133,2.64697224246587e-11,4.96601403489291e-09,44535,-6.66549894440098,-6.66668219506011,0.0315756404263133,10.5772506129137,1,1,1,1,1
"Diagnoses - ICD10 (M1999 - M19.99 Arthrosis, unspecified (Site unspecified))",-0.031534007376703,2.81016852972835e-11,5.21425226642453e-09,44535,-6.65670452911721,-6.65788329938199,0.031534007376703,10.5512676340678,1,1,1,1,1
"Histology of cancer tumour (9440.0)",-0.0314476526823168,3.18068632243923e-11,5.7857381863644e-09,44535,-6.63846334850271,-6.63963286248148,0.0314476526823168,10.4974791586672,1,1,1,1,1
"Diagnoses - main ICD10 (K908)",-0.0314463347400544,3.18669618792946e-11,5.7857381863644e-09,44535,-6.6381849530245,-6.63935432611926,0.0314463347400544,10.4966593391605,1,1,1,1,1
"General happiness (0.0)",0.0398535372685505,3.32938625992723e-11,5.97889493735322e-09,27666,6.63203182189784,6.63390933967968,0.0398535372685505,10.4776358170921,1,1,1,1,1
"Arms BMC (bone mineral content) (2.0)",0.0382513765556028,3.36390298518541e-11,5.97889493735322e-09,30020,6.63044475764166,6.63217383490092,0.0382513765556028,10.4731565377273,1,1,1,1,1
"Mother's age at death (2.0)",-0.0367447253914564,4.00290968634226e-11,7.04053438061345e-09,32282,-6.60466226156993,-6.60625227085859,0.0367447253914564,10.3976242083375,1,1,1,1,1
"Systolic blood pressure, automated reading (2.1)",0.035445931616652,4.05860332268531e-11,7.06489867046819e-09,34671,6.60256633064962,6.60404541464463,0.035445931616652,10.3916233934197,1,1,1,1,1
"Operative procedures - secondary OPCS4 (K601 - K60.1 Implantation of intravenous cardiac pacemaker system NEC)",-0.0312354446528694,4.30624251977606e-11,7.41948009657335e-09,44535,-6.59363789125491,-6.59478486951752,0.0312354446528694,10.3659015151455,1,1,1,1,1
"Someone to take to doctor when needed as a child (0.0)",0.0395587034758139,4.6416621985102e-11,7.91661274968128e-09,27665,6.58279806387838,6.58463590171061,0.0395587034758139,10.3333264689342,1,1,1,1,1
"Diagnoses - secondary ICD10 (Z431)",-0.0311069364194237,5.16847928512925e-11,8.72697727294074e-09,44535,-6.56649292921097,-6.56762640530204,0.0311069364194237,10.2866372200061,1,1,1,1,1
"Operative procedures - OPCS4 (M271 - M27.1 Ureteroscopic laser fragmentation of calculus of ureter)",-0.0310309728041319,5.75532454253584e-11,9.61863544580185e-09,44535,-6.55044713772408,-6.55157268361358,0.0310309728041319,10.2399301814941,1,1,1,1,1
"Invitation to complete online Health and Well-being Questionnaire, date sent (0.0)",0.0316705748549972,5.81048750649564e-11,9.61863544580185e-09,42735,6.54904270148815,6.55021494000613,0.0316705748549972,10.2357874282811,1,1,1,1,1
"Sitting height (2.0)",0.0314210645841311,5.96718415272533e-11,9.78212664259876e-09,43364,6.54505838744117,6.54621160491472,0.0314210645841311,10.2242305592267,1,1,1,1,1
"L1-L4 BMD (bone mineral density) (2.0)",0.0385475295594803,7.10705676522444e-11,1.15387166808476e-08,28576,6.51913113542857,6.52086143846249,0.0385475295594803,10.1483102157627,1,1,1,1,1
"Forced expiratory volume in 1-second (FEV1), predicted (0.0)",0.0394205817204267,7.4688356103225e-11,1.20105989790758e-08,27261,6.51171127504999,6.51351914537998,0.0394205817204267,10.1267470993128,1,1,1,1,1
"Diagnoses - secondary ICD10 (G379)",-0.0308197033323314,7.75165956758506e-11,1.23478086602522e-08,44535,-6.50582109302152,-6.50692478256472,0.0308197033323314,10.1106053086051,1,1,1,1,1
"Diagnoses - main ICD10 (E161)",-0.0307682905957679,8.33178065290195e-11,1.31478613387149e-08,44535,-6.49496136759004,-6.49605978250102,0.0307682905957679,10.0792621720522,1,1,1,1,1
"Operative procedures - secondary OPCS4 (C652 - C65.2 Injection of bleb)",-0.0306420347221655,9.94248981545597e-11,1.55443463457383e-08,44535,-6.46829294422113,-6.46937847906009,0.0306420347221655,10.0025048452093,1,1,1,1,1
"Length of mobile phone use (2.0)",0.0308105164750346,1.07620713181095e-10,1.66713370831449e-08,43886,6.45631354622547,6.45740929915001,0.0308105164750346,9.9681041342967,1,1,1,1,1
"Diagnoses - secondary ICD10 (K439)",-0.0305092607953044,1.19643363154649e-10,1.83652562442386e-08,44535,-6.44024796647913,-6.44132006785992,0.0305092607953044,9.9221113875249,1,1,1,1,1
"Number of correct matches in round (2.1)",0.0313304657354009,1.35725506224632e-10,2.06461727261523e-08,41979,6.42110154148335,6.42222926868524,0.0313304657354009,9.86733852985166,1,1,1,1,1
"L1-L4 BMC (bone mineral content) (2.0)",0.0378800265541988,1.499520942869e-10,2.26066170717348e-08,28576,6.40613441917812,6.40778014670857,0.0378800265541988,9.82404746434332,1,1,1,1,1
"Number of correct matches in round (2.3)",0.0383325970801721,1.55794378782847e-10,2.3279540581844e-08,27854,6.40031711112931,6.40200111850611,0.0383325970801721,9.80744821616045,1,1,1,1,1
"Diagnoses - secondary ICD10 (F331)",-0.0302653965169094,1.67754626374095e-10,2.48468146168999e-08,44535,-6.38873868407932,-6.38978640867348,0.0302653965169094,9.77532549392478,1,1,1,1,1
"Diagnoses - secondary ICD10 (I10)",-0.0300805014270223,2.16378258690626e-10,3.17699730260106e-08,44535,-6.34968544642385,-6.35071494296446,0.0300805014270223,9.66478637852406,1,1,1,1,1
"PQ interval (2.0)",0.0380600344950424,2.49295785694794e-10,3.62875805297982e-08,27621,6.32812608063238,6.32977004539568,0.0380600344950424,9.60328506311262,1,1,1,1,1
"Diagnoses - secondary ICD10 (D151)",-0.0299620805299366,2.54489893058454e-10,3.6727024310188e-08,44535,-6.32467300734054,-6.3256909437004,0.0299620805299366,9.59432946077753,1,1,1,1,1
"Crime score (England) (0.0)",-0.0314325555057288,2.80885753215169e-10,4.01928469748994e-08,40269,-6.30945758908386,-6.31057564814698,0.0314325555057288,9.55147028805705,1,1,1,1,1
"Operative procedures - OPCS4 (C652 - C65.2 Injection of bleb)",-0.0298496615416326,2.96695093411444e-10,4.20982911953968e-08,44535,-6.3009284343886,-6.30193547877772,0.0298496615416326,9.52768963575918,1,1,1,1,1
"Diagnoses - ICD10 (G620 - G62.0 Drug-induced polyneuropathy)",-0.029826123444902,3.06360626361886e-10,4.31074931343371e-08,44535,-6.29595685626867,-6.29696163023643,0.029826123444902,9.51376705122139,1,1,1,1,1
"Diagnoses - ICD10 (I10 - I10 Essential (primary) hypertension)",-0.0296411887135956,3.93780954626598e-10,5.47177911908386e-08,44535,-6.25689627449386,-6.2578833316483,0.0296411887135956,9.40474529251632,1,1,1,1,1
"Diagnoses - secondary ICD10 (E780)",-0.0296334911150706,3.97904176171458e-10,5.47177911908386e-08,44535,-6.25527045249277,-6.25625677687582,0.0296334911150706,9.40022150272669,1,1,1,1,1
"Diagnoses - ICD10 (E780 - E78.0 Pure hypercholesterolaemia)",-0.0296266607964591,4.01598106028354e-10,5.47177911908386e-08,44535,-6.25382781068028,-6.25481348516372,0.0296266607964591,9.39620834402881,1,1,1,1,1
"Domestic garden percentage, buffer 1000m (0.0)",-0.0308908016651673,4.0183631078851e-10,5.47177911908386e-08,40962,-6.25377208121958,-6.25484371707261,0.0308908016651673,9.39595082203631,1,1,1,1,1
"QTC interval (2.0)",0.036661202069904,4.22612602929162e-10,5.70865104036712e-08,29004,6.24608472762809,6.24759295594631,0.036661202069904,9.37405755579062,1,1,1,1,1
"Carer support indicators (0.0)",0.0331304322988775,4.41631828406943e-10,5.91821700210415e-08,35441,6.23908177423607,6.24031207907863,0.0331304322988775,9.35493963454656,1,1,1,1,1
"Operative procedures - secondary OPCS4 (V018 - V01.8 Other specified plastic repair of cranium)",-0.0294965805021605,4.78686972719457e-10,6.31455432372503e-08,44535,-6.22635346849841,-6.22732682170826,0.0294965805021605,9.31994839151333,1,1,1,1,1
"Operative procedures - OPCS4 (V018 - V01.8 Other specified plastic repair of cranium)",-0.0294965805021605,4.78686972719457e-10,6.31455432372503e-08,44535,-6.22635346849841,-6.22732682170826,0.0294965805021605,9.31994839151333,1,1,1,1,1
"Been in a confiding relationship as an adult (0.0)",0.0376927864323239,4.87897301476633e-10,6.34092020535486e-08,27240,6.22362877348156,6.2252182507239,0.0376927864323239,9.31167158393128,1,1,1,1,1
"Belief that own life is meaningful (0.0)",0.0376884472786642,4.90489549829496e-10,6.34092020535486e-08,27239,6.22279739919399,6.22438632836875,0.0376884472786642,9.30937024108675,1,1,1,1,1
"Natural environment percentage, buffer 1000m (0.0)",0.0296282990624205,4.91951760083794e-10,6.34092020535486e-08,44079,6.22207060617325,6.22305209901563,0.0296282990624205,9.30807748129068,1,1,1,1,1
"Number of correct matches in round (2.2)",0.0302976804732246,5.33687426691128e-10,6.82675166642402e-08,41979,6.20930290596488,6.21032747582275,0.0302976804732246,9.27271302875531,1,1,1,1,1
"Number in household (0.0)",0.0293255996612109,6.3054437305464e-10,8.00506897671248e-08,44431,6.18300824939017,6.18396461184653,0.0293255996612109,9.20028434557831,1,1,1,1,1
"Femur total BMD (bone mineral density) (right) (2.0)",0.0361378577704257,7.66249093766041e-10,9.65531040913403e-08,28962,6.15238276220319,6.15382937681881,0.0361378577704257,9.1156300261083,1,1,1,1,1
"Diagnoses - secondary ICD10 (F03)",-0.0290710522184157,8.45820693069495e-10,1.05790240018359e-07,44535,-6.13647883672045,-6.13741261928486,0.0290710522184157,9.07272169401064,1,1,1,1,1
"Diagnoses - ICD10 (D151 - D15.1 Heart)",-0.0290503605904857,8.6938554875068e-10,1.07938051401877e-07,44535,-6.13210867319431,-6.13304056014541,0.0290503605904857,9.06078758308928,1,1,1,1,1
"Femur shaft BMC (bone mineral content) (right) (2.0)",0.0360284425077418,8.84937935265464e-10,1.09066985671222e-07,28922,6.12950129863542,6.13093459778836,0.0360284425077418,9.0530871872874,1,1,1,1,1
"Impedance of arm (right) (2.0)",0.0324869266710036,1.28528346392268e-09,1.57260951364742e-07,34886,6.06971636134968,6.07087184886233,0.0324869266710036,8.89100107992717,1,1,1,1,1
"Leg fat percentage (right) (0.0)",-0.0288271009867045,1.44010174768717e-09,1.74936100789193e-07,44044,-6.0513169204724,-6.0522242391834,0.0288271009867045,8.8416068225589,1,1,1,1,1
"Home area population density - urban or rural (0.0)",0.0288108994146786,1.45215612394993e-09,1.75140401092104e-07,44074,6.04997355961979,6.05087968741238,0.0288108994146786,8.83798668933499,1,1,1,1,1
"Treatment/medication code (1140878182.0 - hypotears eye drops)",-0.0286367323095412,1.49994620148628e-09,1.79621217107063e-07,44535,-6.04474964519304,-6.04564418838825,0.0286367323095412,8.82392431748875,1,1,1,1,1
"Operative procedures - secondary OPCS4 (Y822 - Y82.2 Injection of local anaesthetic NEC)",-0.0285592799883676,1.65984870537086e-09,1.97370037959063e-07,44535,-6.02839180845192,-6.02927947470395,0.0285592799883676,8.77993149594612,1,1,1,1,1
"Systolic blood pressure, automated reading (2.0)",0.0320695035563584,1.72143942484219e-09,2.03262270548674e-07,35247,6.02259672304144,6.02371526639225,0.0320695035563584,8.76410825493412,1,1,1,1,1
"Diagnoses - ICD10 (S3200 - S32.00 Fracture of lumbar vertebra (closed))",-0.0284818753728612,1.83620341329215e-09,2.15307601621097e-07,44535,-6.01204411944866,-6.01292494921805,0.0284818753728612,8.7360792096397,1,1,1,1,1
"Diagnoses - secondary ICD10 (Z721)",-0.0283734498252025,2.11425229531655e-09,2.46201034527035e-07,44535,-5.98914499727295,-5.99001631145134,0.0283734498252025,8.67484318924904,1,1,1,1,1
"Diagnoses - ICD10 (Z721 - Z72.1 Alcohol use)",-0.028335766750954,2.22017481114235e-09,2.56764737576292e-07,44535,-5.98118648789332,-5.98205451149184,0.028335766750954,8.65361282891623,1,1,1,1,1
"Trunk BMD (bone mineral density) (2.0)",0.034393220887034,2.51342482549169e-09,2.88701892370253e-07,30020,5.96111940032076,5.96239494042431,0.034393220887034,8.59973409963916,1,1,1,1,1
"Ordering of blows (2.0)",0.0360355089316047,2.5365322626439e-09,2.89387481450961e-07,27331,5.95967635794899,5.96107645274493,0.0360355089316047,8.59575960943603,1,1,1,1,1
"Average total household income before tax (0.0)",0.0296512072836468,2.61657497751912e-09,2.93394435301247e-07,40306,5.95440530677435,5.9553522507922,0.0296512072836468,8.58226681611014,1,1,1,1,1
"Femur shaft BMD (bone mineral density) (right) (2.0)",0.034976210997424,2.61834637006131e-09,2.93394435301247e-07,28962,5.95445106574165,5.95576900796985,0.034976210997424,8.58197290298915,1,1,1,1,1
"Femur troch bone area (left) (2.0)",0.0343801912717267,2.62378203911687e-09,2.93394435301247e-07,29972,5.95409299914558,5.95536630388329,0.0343801912717267,8.58107224518831,1,1,1,1,1
"Operative procedures - secondary OPCS4 (M271 - M27.1 Ureteroscopic laser fragmentation of calculus of ureter)",-0.0281591937426124,2.78938978244204e-09,3.09860832082459e-07,44535,-5.94389522525683,-5.9447479433058,0.0281591937426124,8.55449079425465,1,1,1,1,1
"Femur neck BMD (bone mineral density) (right) (2.0)",0.0347764694603331,3.11363869454898e-09,3.43619538284049e-07,29017,5.9260384377369,5.92733611216979,0.0347764694603331,8.50673178421085,1,1,1,1,1
"Duration to complete numeric path (trail #1) (1.0)",-0.0325936553327088,3.23984991006199e-09,3.55226400853225e-07,32963,-5.9194387540601,-5.92057744761939,0.0325936553327088,8.48947510854082,1,1,1,1,1
"Femur wards bone area (left) (2.0)",0.0341739901625887,3.26221888437727e-09,3.55371392662646e-07,29972,5.91835438684582,5.91960608140922,0.0341739901625887,8.48648690255754,1,1,1,1,1
"Hands-free device/speakerphone use with mobile phone in last 3 month (2.0)",0.028195165854766,3.35267743675016e-09,3.62884349484144e-07,43971,5.9136842451459,5.91453548123985,0.028195165854766,8.47460822831237,1,1,1,1,1
"Diagnoses - secondary ICD10 (R748)",-0.0280010746130857,3.41799454081399e-09,3.67597693131492e-07,44535,-5.91050163688084,-5.9113408066981,0.0280010746130857,8.46622863526544,1,1,1,1,1
"Treatment/medication code (1141188442.0 - glucosamine product)",-0.0279659892248879,3.575130890938e-09,3.82063829705621e-07,44535,-5.90309190307883,-5.90392808676298,0.0279659892248879,8.44670805339535,1,1,1,1,1
"Diagnoses - main ICD10 (M7918)",-0.0279007518958535,3.88621117232246e-09,4.12696073236885e-07,44535,-5.88931437601859,-5.89014502668323,0.0279007518958535,8.41047360402378,1,1,1,1,1
"Non-cancer illness code, self-reported (1598.0 - tonsiltis)",0.0278444745477314,4.17560684881123e-09,4.39688064816313e-07,44535,5.87742915528637,5.87825505305036,0.0278444745477314,8.37928039875812,1,1,1,1,1
"Diagnoses - ICD10 (F03 - F03 Unspecified dementia)",-0.0278413142789441,4.19246540926422e-09,4.39688064816313e-07,44535,-5.87676173880155,-5.87758737021892,0.0278413142789441,8.37753051193658,1,1,1,1,1
"Gynoid total mass (2.0)",0.0338504991425703,4.4491034796337e-09,4.63722915145772e-07,30021,5.8670787256042,5.86829786197153,0.0338504991425703,8.35172749308062,1,1,1,1,1
"Diagnoses - secondary ICD10 (G309)",-0.0277578299034712,4.6625943493322e-09,4.8299328581886e-07,44535,-5.85913073404164,-5.85994935070517,0.0277578299034712,8.33137236698384,1,1,1,1,1
"Birth weight (0.0)",0.0352312801780015,4.99331211340769e-09,5.1409801850542e-07,27532,5.84794698890415,5.84926408879984,0.0352312801780015,8.30161128696026,1,1,1,1,1
"Date of all cause dementia report (0.0)",-0.0276679161236332,5.22628660132274e-09,5.34823328868694e-07,44535,-5.84014199949227,-5.84095310695696,0.0276679161236332,8.28180677793053,1,1,1,1,1
"Operative procedures - secondary OPCS4 (Y102 - Y10.2 Electrocauterisation of organ NOC)",-0.0275686702685557,5.92551072680901e-09,6.02724389290181e-07,44535,-5.81918254999438,-5.81998542383495,0.0275686702685557,8.22727421134726,1,1,1,1,1
"Diagnoses - main ICD10 (Z711)",-0.0275087884378462,6.39056121120326e-09,6.46135485336329e-07,44535,-5.80653633224744,-5.80733426598405,0.0275087884378462,8.1944610009611,1,1,1,1,1
"Interpolated Year when operation took place (0.0)",-0.0321231229438213,6.74112195668842e-09,6.77522882373119e-07,32555,-5.79770411250647,-5.79879102178485,0.0321231229438213,8.1712678157721,1,1,1,1,1
"Diagnoses - secondary ICD10 (Z871)",-0.027458778598999,6.80598170692299e-09,6.79994089475708e-07,44535,-5.79597497514563,-5.79676879918951,0.027458778598999,8.16710922253276,1,1,1,1,1
"Diagnoses - secondary ICD10 (Z888)",-0.0274462574947272,6.91403420177752e-09,6.82710336239844e-07,44535,-5.79333070295364,-5.79412350031771,0.0274462574947272,8.16026847645596,1,1,1,1,1
"Diagnoses - ICD10 (Z888 - Z88.8 Personal history of allergy to other drugs, medicaments and biological substances)",-0.0274462574947272,6.91403420177752e-09,6.82710336239844e-07,44535,-5.79333070295364,-5.79412350031771,0.0274462574947272,8.16026847645596,1,1,1,1,1
"Diagnoses - ICD10 (Z871 - Z87.1 Personal history of diseases of the digestive system)",-0.027336036881947,7.94001596886467e-09,7.79460288571395e-07,44535,-5.77005381669717,-5.77083761565371,0.027336036881947,8.10017862412418,1,1,1,1,1
"Diagnoses - secondary ICD10 (G540)",-0.0272905554388343,8.40523730805429e-09,8.20360878303449e-07,44535,-5.76044888129977,-5.76122898764851,0.0272905554388343,8.07545002046085,1,1,1,1,1
"Operative procedures - main OPCS4 (M455 - M45.5 Diagnostic endoscopic examination of bladder using rigid cystoscope)",-0.0271807003532829,9.64090685790215e-09,9.33672136028425e-07,44535,-5.73724938597236,-5.73802062248888,0.0271807003532829,8.01588211289602,1,1,1,1,1
"Operation code (1355.0 - bilateral oophorectomy)",-0.0271777188898132,9.67679146017023e-09,9.33672136028425e-07,44535,-5.73661975435435,-5.73739075111255,0.0271777188898132,8.01426861811839,1,1,1,1,1
"Nitrogen dioxide air pollution; 2010 (0.0)",-0.0273011467945644,1.019927440585e-08,9.78492888311238e-07,43996,-5.72770464683211,-5.72848165937461,0.0273011467945644,7.99143072360517,1,1,1,1,1
"Diagnoses - secondary ICD10 (F009)",-0.0271185991318846,1.0415758030921e-08,9.82637157924869e-07,44535,-5.72413474275166,-5.72490099586467,0.0271185991318846,7.982309117779,1,1,1,1,1
"Diagnoses - ICD10 (F009 - F00.9 Dementia in Alzheimer's disease, unspecified)",-0.0271185991318846,1.0415758030921e-08,9.82637157924869e-07,44535,-5.72413474275166,-5.72490099586467,0.0271185991318846,7.982309117779,1,1,1,1,1
"PP interval (2.0)",0.0336009209561664,1.04170595954132e-08,9.82637157924869e-07,29004,5.7242842366983,5.7254609582978,0.0336009209561664,7.98225485125704,1,1,1,1,1
"Felt loved as a child (0.0)",0.034347232796512,1.06129176120812e-08,9.95550632666617e-07,27726,5.7211421325255,5.72237119071254,0.034347232796512,7.9741652071787,1,1,1,1,1
"Femur troch BMD (bone mineral density) (right) (2.0)",0.033498842183062,1.14529824544809e-08,1.06841772786691e-06,29017,5.70815990034419,5.70932673627278,0.033498842183062,7.94108140460269,1,1,1,1,1
"Father's age at death (0.0)",-0.0332123558966215,1.15378001980868e-08,1.06887570799843e-06,29507,-5.70689514979279,-5.70804188601396,0.0332123558966215,7.93787698605908,1,1,1,1,1
"Treatment/medication code (1140877612.0 - vitamin c+a+d tablet)",-0.0270329455367201,1.15844983454967e-08,1.06887570799843e-06,44535,-5.70604634106099,-5.7068057570724,0.0270329455367201,7.93612276813208,1,1,1,1,1
"Diagnoses - main ICD10 (H269)",-0.0270009149537456,1.20535025871908e-08,1.10610538687346e-06,44535,-5.69928211587777,-5.70003898590833,0.0270009149537456,7.91888673456178,1,1,1,1,1
"Operative procedures - main OPCS4 (M071 - M07.1 Ureteroscopic laser fragmentation of calculus of kidney)",-0.0269807883095734,1.2357588861987e-08,1.12788047532244e-06,44535,-5.69503177296091,-5.69578704620519,0.0269807883095734,7.90806625789475,1,1,1,1,1
"Scale to indicate how health is today (0.0)",0.0318627090977112,1.26221789740786e-08,1.14583597837267e-06,31889,5.69153949695914,5.69259249994616,0.0318627090977112,7.89886566611152,1,1,1,1,1
"Liking for taking the stairs (0.0)",0.030966204195689,1.29374757955708e-08,1.16817796154125e-06,33713,5.68730112058887,5.68829504586815,0.030966204195689,7.88815044970992,1,1,1,1,1
"Fasting time (2.0)",-0.0271076329541631,1.31488365311118e-08,1.18094736610544e-06,43955,-5.68443530470899,-5.68519652186485,0.0271076329541631,7.88111267382612,1,1,1,1,1
"Pelvis BMD (bone mineral density) (2.0)",0.0327493571491208,1.38258692041646e-08,1.23518413498582e-06,30020,5.67599177573093,5.67710172150609,0.0327493571491208,7.85930755595773,1,1,1,1,1
"Diagnoses - ICD10 (G309 - G30.9 Alzheimer's disease, unspecified)",-0.026875336501935,1.4076728153967e-08,1.25097660463018e-06,44535,-5.67276254507981,-5.67350948985726,0.026875336501935,7.85149827628763,1,1,1,1,1
"Ribs BMC (bone mineral content) (2.0)",0.0326262181617141,1.56592154640629e-08,1.38432383827593e-06,30020,5.65463461534019,5.65573278603991,0.0326262181617141,7.80523000014291,1,1,1,1,1
"Diagnoses - ICD10 (E220 - E22.0 Acromegaly and pituitary gigantism)",-0.0267810151831445,1.58096091751356e-08,1.39033984855294e-06,44535,-5.65284395191175,-5.65358350087323,0.0267810151831445,7.8010788660058,1,1,1,1,1
"Housing score (England) (0.0)",0.0280758105002844,1.75111927255505e-08,1.53200253456435e-06,40269,5.63528256124778,5.63609330051024,0.0280758105002844,7.7566842721642,1,1,1,1,1
"When symbol digit substitution test completed (1.0)",0.0308675239705816,1.7710679048211e-08,1.53677505700705e-06,33289,5.63339998117195,5.63437981418508,0.0308675239705816,7.75176478713079,1,1,1,1,1
"Diagnoses - secondary ICD10 (M161)",-0.0266834016786905,1.78206538143013e-08,1.53677505700705e-06,44535,-5.63223022739124,-5.63296217546787,0.0266834016786905,7.74907636636343,1,1,1,1,1
"Operation code (1232.0 - adrenal surgery)",-0.0266825711648271,1.78387865663832e-08,1.53677505700705e-06,44535,-5.63205484244804,-5.63278672608599,0.0266825711648271,7.74863469062396,1,1,1,1,1
"Diagnoses - ICD10 (F220 - F22.0 Delusional disorder)",-0.0266691842349724,1.8133549409142e-08,1.5542384861592e-06,44535,-5.62922783961967,-5.629958685117,0.0266691842349724,7.74151718002301,1,1,1,1,1
"Body fat percentage (0.0)",-0.0267668692090167,1.94252231740649e-08,1.65653986512164e-06,44024,-5.61734735766058,-5.61808228497899,0.0267668692090167,7.71163398294104,1,1,1,1,1
"Treatment/medication code (1140879782.0 - indoramin)",-0.0265229024122879,2.16788924920242e-08,1.83943768707452e-06,44535,-5.59833671135544,-5.59905627865049,0.0265229024122879,7.66396290833699,1,1,1,1,1
"Diagnoses - ICD10 (H269 - H26.9 Cataract, unspecified)",-0.0264724655031092,2.30506767322855e-08,1.9460533831232e-06,44535,-5.58768573054759,-5.58840143707007,0.0264724655031092,7.6373163198716,1,1,1,1,1
"Femur neck BMC (bone mineral content) (right) (2.0)",0.0326291399960942,2.76542810508527e-08,2.32309719175944e-06,28978,5.55611909421772,5.55720163813199,0.0326291399960942,7.55823762772839,1,1,1,1,1
"Femur total BMC (bone mineral content) (right) (2.0)",0.0326277622122923,2.85558287903488e-08,2.38695628279723e-06,28922,5.55051279016671,5.55159434396059,0.0326277622122923,7.54430523056656,1,1,1,1,1
"P duration (2.0)",0.0283425400040971,3.56841509742207e-08,2.96811275467841e-06,37795,5.51131249223515,5.51212371547528,0.0283425400040971,7.44752463186481,1,1,1,1,1
"Operative procedures - main OPCS4 (X998 - X99.8 No procedure performed)",-0.0259741819743884,4.20104548730695e-08,3.47718887515578e-06,44535,-5.48246255812164,-5.48314088402038,0.0259741819743884,7.37664261606271,1,1,1,1,1
"When input method described (1.0)",0.0297820137850178,4.3136992678812e-08,3.53314451979092e-06,33814,5.47786745141534,5.47875876759859,0.0297820137850178,7.36515013527711,1,1,1,1,1
"Impedance of arm (left) (2.0)",0.0293202075106368,4.31744418190863e-08,3.53314451979092e-06,34886,5.47770261489714,5.47856646509923,0.0293202075106368,7.36477326850185,1,1,1,1,1
"Non-cancer illness code, self-reported (1569.0 - mumps / epidemic parotitis)",0.0259473983557359,4.33747070415505e-08,3.53314451979092e-06,44535,5.47680670464369,5.4774830601371,0.0259473983557359,7.36276344547295,1,1,1,1,1
"Diagnoses - secondary ICD10 (J920)",-0.0259445270118299,4.35234859411615e-08,3.53314451979092e-06,44535,-5.47620036805715,-5.47687651254655,0.0259445270118299,7.36127632782317,1,1,1,1,1
"Diagnoses - secondary ICD10 (E873)",-0.0258533214972915,4.85154145234104e-08,3.90087035346564e-06,44535,-5.45694070872921,-5.45761017439469,0.0258533214972915,7.31412025358635,1,1,1,1,1
"Diagnoses - ICD10 (E873 - E87.3 Alkalosis)",-0.0258533214972915,4.85154145234104e-08,3.90087035346564e-06,44535,-5.45694070872921,-5.45761017439469,0.0258533214972915,7.31412025358635,1,1,1,1,1
"External causes - ICD10 (Y833 - Y83.3 Surgical operation with formation of external stoma)",-0.0257247614534647,5.65045253304503e-08,4.50037221794648e-06,44535,-5.42979313339559,-5.4304532620451,0.0257247614534647,7.24791676904177,1,1,1,1,1
"Diagnoses - ICD10 (Y833 - Y83.3 Surgical operation with formation of external stoma)",-0.0257247614534647,5.65045253304503e-08,4.50037221794648e-06,44535,-5.42979313339559,-5.4304532620451,0.0257247614534647,7.24791676904177,1,1,1,1,1
"Forced expiratory volume in 1-second (FEV1) (0.0)",0.0266419968612233,6.10559375378881e-08,4.84004462594949e-06,41309,5.41596848123406,5.4166750792615,0.0266419968612233,7.21427209560847,1,1,1,1,1
"Hand grip strength (left) (2.0)",0.0260042240314348,6.4805362508935e-08,5.11326423347368e-06,43190,5.40528177887668,5.40595385389988,0.0260042240314348,7.18838905567754,1,1,1,1,1
"Operative procedures - main OPCS4 (U258 - U25.8 Other specified breath tests)",-0.0254779361795137,7.55642874450124e-08,5.93443252794899e-06,44535,-5.37767240545003,-5.37831485945169,0.0254779361795137,7.12168340859979,1,1,1,1,1
"Treatment/medication code (1140863152.0 - diazepam)",-0.0254542412283993,7.76916834457662e-08,6.07325960639705e-06,44535,-5.37266890828555,-5.37330968286276,0.0254542412283993,7.10962546803204,1,1,1,1,1
"Diagnoses - secondary ICD10 (T003)",-0.0254192552169646,8.09392129785165e-08,6.26907619790023e-06,44535,-5.36528116789466,-5.36591946829797,0.0254192552169646,7.09184102283485,1,1,1,1,1
"Diagnoses - ICD10 (T003 - T00.3 Superficial injuries involving multiple regions of lower limb(s))",-0.0254192552169646,8.09392129785165e-08,6.26907619790023e-06,44535,-5.36528116789466,-5.36591946829797,0.0254192552169646,7.09184102283485,1,1,1,1,1
"Operative procedures - secondary OPCS4 (Y842 - Y84.2 Sedation NEC)",-0.0253344837707051,8.93625093263258e-08,6.8898902738585e-06,44535,-5.3473806555069,-5.34801298823574,0.0253344837707051,7.04884464460064,1,1,1,1,1
"Biometrics duration (2.0)",-0.0255995763069028,9.28218394761453e-08,7.12407617979415e-06,43505,-5.34050451264152,-5.34114948158133,0.0255995763069028,7.03234982929747,1,1,1,1,1
"Interpolated Age of participant when non-cancer illness first diagnosed (0.0)",-0.0312895342671609,9.91886136288966e-08,7.57827937160144e-06,28986,-5.32859309036028,-5.32955512112201,0.0312895342671609,7.00353817988172,1,1,1,1,1
"Diagnoses - ICD10 (J920 - J92.0 Pleural plaque with presence of asbestos)",-0.0252162015122064,1.02546921640541e-07,7.79957104459703e-06,44535,-5.32240405981608,-5.32302813012245,0.0252162015122064,6.98907737220047,1,1,1,1,1
"Sample collection duration (2.0)",-0.0253287550433753,1.08924194004622e-07,8.24746643842174e-06,43958,-5.31142294302326,-5.31205154947294,0.0253287550433753,6.96287564498541,1,1,1,1,1
"Diagnoses - ICD10 (R32 - R32 Unspecified urinary incontinence)",-0.0251132311821107,1.15541669158621e-07,8.70946912385409e-06,44535,-5.30066086709333,-5.30127780533337,0.0251132311821107,6.93726136276706,1,1,1,1,1
"Whole body water mass (2.0)",0.0283294416669248,1.20862002193994e-07,9.07002180909154e-06,34886,5.2925034738248,5.2932876745079,0.0283294416669248,6.9177102155269,1,1,1,1,1
"Number of operations, self-reported (0.0)",-0.0250661443254835,1.22438655433041e-07,9.14768449994202e-06,44524,-5.29006457466966,-5.29067820917299,0.0250661443254835,6.91208144827772,1,1,1,1,1
"Operative procedures - OPCS4 (M473 - M47.3 Removal of urethral catheter from bladder)",-0.0250320259879812,1.26899974252251e-07,9.43923376761786e-06,44535,-5.28351367517602,-5.28412502860567,0.0250320259879812,6.89653846602276,1,1,1,1,1
"Operative procedures - main OPCS4 (T438 - T43.8 Other specified diagnostic endoscopic examination of peritoneum)",-0.0250025769374115,1.31280146742707e-07,9.72221613048515e-06,44535,-5.27729526603653,-5.27790460276756,0.0250025769374115,6.88180094650773,1,1,1,1,1
"Operation code (1530.0 - ileostomy/colostomy surgery)",-0.024907128264148,1.46505341575091e-07,1.08023698362245e-05,44535,-5.25714055687998,-5.257743388688,0.024907128264148,6.83414654067304,1,1,1,1,1
"Diagnoses - main ICD10 (H358)",-0.0246649087604114,1.93204495372933e-07,1.41837300190086e-05,44535,-5.20599450654435,-5.20658104584511,0.0246649087604114,6.71398277288457,1,1,1,1,1
"Diagnoses - secondary ICD10 (Z922)",-0.0246402970286673,1.98685092108911e-07,1.44603352597369e-05,44535,-5.20079763124242,-5.20138253225289,0.0246402970286673,6.70183471798192,1,1,1,1,1
"Diagnoses - ICD10 (Z922 - Z92.2 Personal history of long-term (current) use of other medicaments)",-0.0246402970286673,1.98685092108911e-07,1.44603352597369e-05,44535,-5.20079763124242,-5.20138253225289,0.0246402970286673,6.70183471798192,1,1,1,1,1
"Vascular/heart problems diagnosed by doctor (4.0 - High blood pressure)",-0.0245833860931173,2.11939674923165e-07,1.5358804339389e-05,44535,-5.18878066127693,-5.18936178607005,0.0245833860931173,6.67378773612864,1,1,1,1,1
"Diagnoses - ICD10 (E161 - E16.1 Other hypoglycaemia)",-0.0245783319880176,2.13157245219607e-07,1.53810260065515e-05,44535,-5.18771346854923,-5.18829425880143,0.0245783319880176,6.67129990108666,1,1,1,1,1
"Diagnoses - secondary ICD10 (S801)",-0.0245597632483695,2.17688890034863e-07,1.56411783329305e-05,44535,-5.18379261371661,-5.18437217600811,0.0245597632483695,6.66216373503642,1,1,1,1,1
"Diagnoses - ICD10 (R748 - R74.8 Abnormal levels of other serum enzymes)",-0.0245170598828137,2.28466510443267e-07,1.63460043594685e-05,44535,-5.17477566112032,-5.17535240620809,0.0245170598828137,6.64117745159248,1,1,1,1,1
"Diagnoses - ICD10 (S005 - S00.5 Superficial injury of lip and oral cavity)",-0.0244568263865045,2.44548883427884e-07,1.74228181294507e-05,44535,-5.16205719730179,-5.16262998476708,0.0244568263865045,6.61163431575914,1,1,1,1,1
"Femur neck BMD (bone mineral density) (left) (2.0)",0.0297665183101065,2.50154883537484e-07,1.77473328089514e-05,30011,5.15792333544944,5.15877146648125,0.0297665183101065,6.6017910143769,1,1,1,1,1
"Diastolic blood pressure, automated reading (2.1)",0.0276819713521292,2.52321119028239e-07,1.78261175514302e-05,34681,5.15626233594232,5.15699558501012,0.0276819713521292,6.59804639794228,1,1,1,1,1
"Operative procedures - secondary OPCS4 (X931 - X93.1 Subfoveal choroidal neovascularisation drugs Band 1)",-0.0244165688696618,2.55901649904334e-07,1.80037473276445e-05,44535,-5.15355673587591,-5.15412688869864,0.0244165688696618,6.59192691402669,1,1,1,1,1
"Trunk fat percentage (0.0)",-0.0245233700127187,2.66959158536485e-07,1.8640773858165e-05,44012,-5.14562324596892,-5.14619769419534,0.0245233700127187,6.57355517526073,1,1,1,1,1
"Femur shaft BMC (bone mineral content) (left) (2.0)",0.029736990835601,2.67164185589336e-07,1.8640773858165e-05,29927,5.14558675707881,5.1464315915506,0.029736990835601,6.57322176117933,1,1,1,1,1
"Interval between previous point and current one in numeric path (trail #1) (1.1)",-0.0283258547576116,2.69749280707817e-07,1.87436897314876e-05,32961,-5.14374750268039,-5.14451379430488,0.0283258547576116,6.56903970469896,1,1,1,1,1
"Operative procedures - OPCS4 (M071 - M07.1 Ureteroscopic laser fragmentation of calculus of kidney)",-0.0243571762339331,2.73584957005291e-07,1.89323032747309e-05,44535,-5.14101588338959,-5.14158216455293,0.0243571762339331,6.56290778585982,1,1,1,1,1
"Diagnoses - main ICD10 (Z431)",-0.0243364654786465,2.80024402076352e-07,1.92203741018667e-05,44535,-5.1366427819703,-5.1372077173255,0.0243364654786465,6.55280412142443,1,1,1,1,1
"Diagnoses - ICD10 (Z431 - Z43.1 Attention to gastrostomy)",-0.0243364654786465,2.80024402076352e-07,1.92203741018667e-05,44535,-5.1366427819703,-5.1372077173255,0.0243364654786465,6.55280412142443,1,1,1,1,1
"Femur total BMD (bone mineral density) (left) (2.0)",0.0296438017312465,2.8597876238346e-07,1.95496008212337e-05,29966,5.1327936892334,5.13363157170641,0.0296438017312465,6.54366621764767,1,1,1,1,1
"Legs total mass (2.0)",0.0295466311917683,3.05014177595067e-07,2.076679188989e-05,30021,5.12065216209936,5.12148299111392,0.0295466311917683,6.51567997341321,1,1,1,1,1
"Diagnoses - main ICD10 (M160)",-0.0242232819577613,3.17884842134297e-07,2.15561669053719e-05,44535,-5.11274402032563,-5.11330163983529,0.0242232819577613,6.49773018027768,1,1,1,1,1
"Peak expiratory flow (PEF) (2.0)",0.030877506406643,3.2960534356775e-07,2.22615449045659e-05,27331,5.10604013070067,5.10694548806371,0.030877506406643,6.48200575612791,1,1,1,1,1
"Total mass (2.0)",0.0294093366384038,3.45955534350964e-07,2.32224677717881e-05,30021,5.09684422695259,5.09766430850111,0.0294093366384038,6.4609797174702,1,1,1,1,1
"Operative procedures - secondary OPCS4 (Z382 - Z38.2 Internal iliac artery)",-0.0241458522419041,3.46583469262103e-07,2.32224677717881e-05,44535,-5.09639476951908,-5.09694742202256,0.0241458522419041,6.46019215535395,1,1,1,1,1
"Diagnoses - ICD10 (Z711 - Z71.1 Person with feared complaint in whom no diagnosis is made)",-0.0240873793044249,3.69897207662708e-07,2.46866179896633e-05,44535,-5.08404827476641,-5.08459719660711,0.0240873793044249,6.43191894714163,1,1,1,1,1
"Augmentation index for PWA (2.0)",-0.0257176365493998,4.02509030897302e-07,2.67573424673266e-05,38820,-5.06801407878583,-5.06863829277728,0.0257176365493998,6.39522437113496,1,1,1,1,1
"Transport type for commuting to job workplace (0.0)",0.029181402183341,4.04457725594772e-07,2.67814458692852e-05,30138,5.06716533141878,5.06796901728845,0.029181402183341,6.39312686465829,1,1,1,1,1
"Diagnoses - main ICD10 (J440)",-0.0238325149182478,4.90417321544123e-07,3.2346470602627e-05,44535,-5.03023435257071,-5.03076721650164,0.0238325149182478,6.30943419893381,1,1,1,1,1
"Diagnoses - main ICD10 (I633)",-0.0237821534289575,5.18352041901062e-07,3.40559308463013e-05,44535,-5.01960073865194,-5.02013046836542,0.0237821534289575,6.28537518634504,1,1,1,1,1
"Operative procedures - main OPCS4 (X461 - X46.1 Donation of bone marrow)",-0.0237510261598294,5.36378495671519e-07,3.51036856566419e-05,44535,-5.01302836112855,-5.0135561600344,0.0237510261598294,6.27052864207772,1,1,1,1,1
"Genetic principal components (0.10)",-0.0240400748948908,5.4599146653975e-07,3.5594849083103e-05,43411,-5.00961543942201,-5.01015587892626,0.0240400748948908,6.26281414495764,1,1,1,1,1
"Treatment/medication code (1141157494.0 - ispaghula husk product)",-0.0237216945343729,5.53917170656625e-07,3.5972659332835e-05,44535,-5.00683513427988,-5.00736111821407,0.0237216945343729,6.25655517212387,1,1,1,1,1
"Operative procedures - main OPCS4 (U548 - U54.8 Other specified rehabilitation for other disorders)",-0.0237181740941896,5.56058991613483e-07,3.59733949172171e-05,44535,-5.00609181142217,-5.00661757781001,0.0237181740941896,6.25487913220718,1,1,1,1,1
"Diagnoses - ICD10 (M7918 - M79.18 Myalgia (Other))",-0.0236865974087149,5.75630462762144e-07,3.70974059684687e-05,44535,-4.99942456206706,-4.99994837994476,0.0236865974087149,6.23985623096297,1,1,1,1,1
"Diagnoses - ICD10 (J9691 - J96.91 Respiratory failure unspecified; Type II [hypercapnic])",-0.0236683374948363,5.87249378064074e-07,3.77023032266612e-05,44535,-4.99556908283035,-4.99609177621849,0.0236683374948363,6.23117743449669,1,1,1,1,1
"Forced expiratory volume in 1-second (FEV1) (0.1)",0.0245711432435925,5.91263419752852e-07,3.78162228883595e-05,41300,4.99427024719013,4.99483347918885,0.0245711432435925,6.22821898907278,1,1,1,1,1
"Operative procedures - secondary OPCS4 (Z663 - Z66.3 Cervical vertebra)",-0.0236557601578999,5.95383565873967e-07,3.79360434331394e-05,44535,-4.99291345004268,-4.99343536985864,0.0236557601578999,6.2252031571746,1,1,1,1,1
"Legs tissue fat percentage (2.0)",0.0287597573203392,6.23144586446669e-07,3.95556253464361e-05,30021,4.98420475370988,4.98497528456228,0.0287597573203392,6.20541117354864,1,1,1,1,1
"Difficulty with walking a long distance (0.0)",-0.0260138303852821,6.74509107446924e-07,4.26557538548363e-05,36470,-4.96880915778732,-4.9694379793229,0.0260138303852821,6.17101218196355,1,1,1,1,1
"Treatment/medication code (1141185326.0 - travatan 40micrograms/ml eye drops)",-0.0235352115927419,6.79058934769872e-07,4.27832466924973e-05,44535,-4.96746038978258,-4.96797493530428,0.0235352115927419,6.16809253214861,1,1,1,1,1
"Diagnoses - ICD10 (R410 - R41.0 Disorientation, unspecified)",-0.0235300229368747,6.82903776004962e-07,4.28655399919843e-05,44535,-4.96636484145641,-4.96687907119943,0.0235300229368747,6.16564048591451,1,1,1,1,1
"Treatment/medication code (1140874744.0 - gliclazide)",-0.0234432059444598,7.50434049145149e-07,4.69299219252438e-05,44535,-4.94803408154976,-4.94854304750655,0.0234432059444598,6.12468746911143,1,1,1,1,1
"Operative procedures - secondary OPCS4 (Z943 - Z94.3 Left sided operation)",-0.02332024797589,8.57180559915014e-07,5.34077260301292e-05,44535,-4.92207255197911,-4.92257412678624,0.02332024797589,6.06692768692719,1,1,1,1,1
"Femur shaft BMD (bone mineral density) (left) (2.0)",0.0283959025333933,8.81893658598269e-07,5.47454942111462e-05,29966,4.91660244287766,4.91734561163177,0.0283959025333933,6.05458378025177,1,1,1,1,1
"Diagnoses - main ICD10 (F103)",-0.0232668460909192,9.07966442726526e-07,5.61575581884153e-05,44535,-4.91079724447969,-4.91129563247787,0.0232668460909192,6.04193020214853,1,1,1,1,1
"Operative procedures - secondary OPCS4 (Y536 - Y53.6 Approach to organ under video control)",-0.0232343286674297,9.40297086156498e-07,5.79449499990966e-05,44535,-4.90393150901795,-4.90442796338166,0.0232343286674297,6.02673490970463,1,1,1,1,1
"Peak expiratory flow (PEF) (2.1)",0.0296203940123668,9.7353296921361e-07,5.97749243097157e-05,27322,4.89722762445903,4.89803382937312,0.0296203940123668,6.01164933628048,1,1,1,1,1
"Greenspace percentage, buffer 300m (0.0)",0.024175591603116,9.90678835481278e-07,6.06072903518166e-05,40962,4.8936895369649,4.89422617473406,0.024175591603116,6.00406711502489,1,1,1,1,1
"Diagnoses - secondary ICD10 (S9200)",-0.0231661605189581,1.01170901792988e-06,6.16704215442094e-05,44535,-4.88953850584637,-4.89003092347065,0.0231661605189581,5.99494437887847,1,1,1,1,1
"Diagnoses - main ICD10 (S000)",-0.0231621414690677,1.01607837524692e-06,6.17139689426054e-05,44535,-4.88868992623492,-4.88918210657277,0.0231621414690677,5.99307279143747,1,1,1,1,1
"Diagnoses - main ICD10 (I714)",-0.0230935904143506,1.09346138672557e-06,6.61759695873165e-05,44535,-4.87421612490842,-4.87470427013208,0.0230935904143506,5.96119654854596,1,1,1,1,1
"Diagnoses - ICD10 (I633 - I63.3 Cerebral infarction due to thrombosis of cerebral arteries)",-0.0230885639981998,1.09935327584892e-06,6.62949287953895e-05,44535,-4.87315485422112,-4.87364270447904,0.0230885639981998,5.95886272514016,1,1,1,1,1
"Operative procedures - main OPCS4 (M271 - M27.1 Ureteroscopic laser fragmentation of calculus of ureter)",-0.0230192367522305,1.18380043942068e-06,7.11333466890325e-05,44535,-4.85851721867448,-4.85900101316357,0.0230192367522305,5.92672150315624,1,1,1,1,1
"Diagnoses - ICD10 (M8199 - M81.99 Osteoporosis, unspecified (Site unspecified))",-0.0229592785429188,1.26183791574324e-06,7.55536638557611e-05,44535,-4.8458577831235,-4.84633808881506,0.0229592785429188,5.89899642704046,1,1,1,1,1
"Diagnoses - secondary ICD10 (E876)",-0.0229232870065413,1.31103414002917e-06,7.8221948602094e-05,44535,-4.83825863138474,-4.83873685121574,0.0229232870065413,5.88238599890242,1,1,1,1,1
"Diagnoses - secondary ICD10 (S8250)",-0.0228984354726371,1.34607443005424e-06,8.00298125051615e-05,44535,-4.83301155575223,-4.83348833899718,0.0228984354726371,5.87093092549975,1,1,1,1,1
"Immature reticulocyte fraction (0.0)",-0.0236253342607312,1.39545450030956e-06,8.26745587288664e-05,41712,-4.82584836353118,-4.82635532933673,0.0236253342607312,5.85528431939508,1,1,1,1,1
"Liking for going to the pub (0.0)",0.0263153180767024,1.40270036080807e-06,8.28132713015531e-05,33604,4.82486319982334,4.82549214690693,0.0263153180767024,5.85303509129931,1,1,1,1,1
"Diagnoses - secondary ICD10 (R262)",-0.0228152113324659,1.47009815077893e-06,8.64899208219588e-05,44535,-4.81543991292004,-4.81591190700273,0.0228152113324659,5.8326536687085,1,1,1,1,1
"Date of intracerebral haemorrhage (0.0)",-0.0227143420033193,1.63517988162176e-06,9.58680982679982e-05,44535,-4.79414281841811,-4.79460905271355,0.0227143420033193,5.78643446483941,1,1,1,1,1
"Diagnoses - secondary ICD10 (K102)",-0.0226790794419407,1.69698607722719e-06,9.91474391487237e-05,44535,-4.7866976635548,-4.78716189584319,0.0226790794419407,5.77032172079853,1,1,1,1,1
"Diagnoses - secondary ICD10 (D220)",-0.0226328592220485,1.78140546085099e-06,0.000103720797263686,44535,-4.77693898337606,-4.77740060057133,0.0226328592220485,5.74923722070011,1,1,1,1,1
"MET minutes per week for walking (2.0)",0.0247700845629638,1.8245254661783e-06,0.000105866365967081,37105,4.77215998579573,4.77271251675168,0.0247700845629638,5.73885007050513,1,1,1,1,1
"Femur troch BMD (bone mineral density) (left) (2.0)",0.0274909625204051,1.90594966444691e-06,0.000110212192069131,30011,4.76340944665589,4.76408914367113,0.0274909625204051,5.71988857313191,1,1,1,1,1
"Histology of cancer tumour (9989.0)",-0.0225434049586566,1.9563932615063e-06,0.000112743004165645,44535,-4.75805216568333,-4.75850875066472,0.0225434049586566,5.70854384170828,1,1,1,1,1
"Diagnoses - main ICD10 (M4807)",-0.022496087114525,2.05551627881565e-06,0.000118052354992525,44535,-4.74806180073905,-4.74851573930545,0.022496087114525,5.68707907944222,1,1,1,1,1
"Diagnoses - main ICD10 (F051)",-0.0224818175634741,2.08634342975343e-06,0.000119416640038599,44535,-4.74504902981724,-4.74550217240019,0.0224818175634741,5.6806142014845,1,1,1,1,1
"Interval between previous point and current one in numeric path (trail #1) (1.4)",-0.026104902846199,2.13549677219555e-06,0.000121415672805048,32963,-4.74039317536043,-4.74100376014128,0.026104902846199,5.67050108067299,1,1,1,1,1
"Diagnoses - secondary ICD10 (K709)",-0.0224561833034227,2.14284101249063e-06,0.000121415672805048,44535,-4.73963680039937,-4.74008851548359,0.0224561833034227,5.66901005012449,1,1,1,1,1
"Diagnoses - ICD10 (K709 - K70.9 Alcoholic liver disease, unspecified)",-0.0224561833034227,2.14284101249063e-06,0.000121415672805048,44535,-4.73963680039937,-4.74008851548359,0.0224561833034227,5.66901005012449,1,1,1,1,1
"Trunk total mass (2.0)",0.0273174263003186,2.20290751562859e-06,0.000124401650171869,30021,4.73411410301331,4.73478208079724,0.0273174263003186,5.65700373539362,1,1,1,1,1
"Operative procedures - secondary OPCS4 (Y829 - Y82.9 Unspecified local anaesthetic)",-0.0223436259743177,2.40878086655472e-06,0.000135574216439255,44535,-4.71587234620446,-4.71631783016609,0.0223436259743177,5.61820270717261,1,1,1,1,1
"Diagnoses - ICD10 (E876 - E87.6 Hypokalaemia)",-0.0223362435459516,2.42728842677348e-06,0.000136162010252725,44535,-4.71431368351212,-4.71475876088039,0.0223362435459516,5.61487861480378,1,1,1,1,1
"Operative procedures - secondary OPCS4 (U401 - U40.1 Diagnostic intradermal inoculation of skin)",-0.0223308151736707,2.4409842306572e-06,0.000136476883227308,44535,-4.71316758381266,-4.71361236237299,0.0223308151736707,5.61243502622012,1,1,1,1,1
"Diagnoses - ICD10 (R262 - R26.2 Difficulty in walking, not elsewhere classified)",-0.0222446855083222,2.66847250141679e-06,0.00014870349236443,44535,-4.69498294635927,-4.69542300245296,0.0222446855083222,5.57373726823775,1,1,1,1,1
"FI1 : numeric addition test (2.0)",0.0231915106618903,2.70851913703224e-06,0.000150010040226811,40919,4.69195138095175,4.6924294756663,0.0231915106618903,5.56726809155983,1,1,1,1,1
"Operative procedures - OPCS4 (U362 - U36.2 Positron emission tomography with computed tomography NEC)",-0.0222298392684899,2.70968683856543e-06,0.000150010040226811,44535,-4.69184845279717,-4.69228769840405,0.0222298392684899,5.56708089810779,1,1,1,1,1
"Diagnoses - main ICD10 (G309)",-0.0222106747044385,2.76379308629409e-06,0.000152505379941424,44535,-4.6878022324827,-4.68824043338799,0.0222106747044385,5.55849447390435,1,1,1,1,1
"Liking for bitter foods (0.0)",0.0256339095081747,2.78032922968687e-06,0.000152918107632778,33415,4.68663611544592,4.68721976113414,0.0256339095081747,5.55590377452423,1,1,1,1,1
"Date of alzheimer's disease report (0.0)",-0.022195688401502,2.80682386326271e-06,0.000153874093932438,44535,-4.68463817212645,-4.68507555729772,0.022195688401502,5.55178483981058,1,1,1,1,1
"Diagnoses - main ICD10 (S005)",-0.0221860153464119,2.8349390924369e-06,0.000154912448465363,44535,-4.68259589969257,-4.68303275890003,0.0221860153464119,5.54745626731877,1,1,1,1,1
"Operative procedures - secondary OPCS4 (Y032 - Y03.2 Renewal of prosthesis in organ NOC)",-0.0221402295660166,2.97172492473296e-06,0.000161361463919105,44535,-4.67292915829097,-4.67336353388848,0.0221402295660166,5.52699139316161,1,1,1,1,1
"Diagnoses - secondary ICD10 (K760)",-0.0221401163795451,2.97207078938951e-06,0.000161361463919105,44535,-4.67290526128129,-4.67333963075126,0.0221401163795451,5.52694085067354,1,1,1,1,1
"Diagnoses - ICD10 (D232 - D23.2 Skin of ear and external auricular canal)",-0.0221295998850585,3.00437514457183e-06,0.000162592545884921,44535,-4.67068491897385,-4.67111871937764,0.0221295998850585,5.52224583962884,1,1,1,1,1
"Trunk BMC (bone mineral content) (2.0)",0.0269428299300689,3.02900122844567e-06,0.000162897994858931,30020,4.66908706710827,4.66973003820747,0.0269428299300689,5.51870055053407,1,1,1,1,1
"Diagnoses - main ICD10 (H355)",-0.0221215550554519,3.02931420703017e-06,0.000162897994858931,44535,-4.66898641875465,-4.66941978418772,0.0221215550554519,5.51865567836663,1,1,1,1,1
"Liking for pizza (0.0)",0.025416738347657,3.04458272541485e-06,0.000163199299424222,33719,4.66800579472315,4.66857785671867,0.025416738347657,5.51647222108291,1,1,1,1,1
"Liking for working up a sweat (0.0)",0.0253915558379601,3.25735192120148e-06,0.000174051858194579,33585,4.65410258487842,4.65467222506441,0.0253915558379601,5.48713531813781,1,1,1,1,1
"Diagnoses - main ICD10 (Z466)",-0.0220213211150228,3.35717827246632e-06,0.00017882004773058,44535,-4.64782413556272,-4.64825210685269,0.0220213211150228,5.47402559628767,1,1,1,1,1
"Operative procedures - OPCS4 (M162 - M16.2 Maintenance of drainage tube of kidney)",-0.0220171113109263,3.3716676254684e-06,0.000179027068729667,44535,-4.64693532623536,-4.64736307199737,0.0220171113109263,5.47215524411242,1,1,1,1,1
"Length of time at current address (0.0)",-0.0220298945280226,3.39248659270097e-06,0.000179567824820551,44459,-4.6456649119745,-4.64609306624918,0.0220298945280226,5.46948186002121,1,1,1,1,1
"Diagnoses - main ICD10 (F220)",-0.022003434640776,3.41915517605403e-06,0.000180030493885452,44535,-4.64404779348339,-4.64447480712693,0.022003434640776,5.46608118859367,1,1,1,1,1
"Diagnoses - secondary ICD10 (Y451)",-0.0220024633637068,3.4225518825721e-06,0.000180030493885452,44535,-4.6438427294281,-4.6442696911118,0.0220024633637068,5.4656499596603,1,1,1,1,1
"Diagnoses - secondary ICD10 (C679)",-0.0219919677873075,3.4594635435136e-06,0.000181406962522445,44535,-4.6416268170132,-4.6420532175013,0.0219919677873075,5.46099124171443,1,1,1,1,1
"Diagnoses - secondary ICD10 (M2583)",-0.0219858996207731,3.48097837040622e-06,0.000181970030291978,44535,-4.64034565625111,-4.64077173250966,0.0219858996207731,5.4582986752628,1,1,1,1,1
"Diagnoses - main ICD10 (O709)",-0.0219780413042071,3.509030925487e-06,0.000182870330792741,44535,-4.63868654493645,-4.63911220156983,0.0219780413042071,5.45481280428127,1,1,1,1,1
"Diagnoses - secondary ICD10 (Z952)",-0.0219263286564979,3.69911370455184e-06,0.000191593665341588,44535,-4.62776856703424,-4.62819146942243,0.0219263286564979,5.43190231899537,1,1,1,1,1
"Diagnoses - ICD10 (Z952 - Z95.2 Presence of prosthetic heart valve)",-0.0219263286564979,3.69911370455184e-06,0.000191593665341588,44535,-4.62776856703424,-4.62819146942243,0.0219263286564979,5.43190231899537,1,1,1,1,1
"Diagnoses - main ICD10 (T808)",-0.0219160752834358,3.73795745099778e-06,0.000193013491009473,44535,-4.62560379781036,-4.62602615557143,0.0219160752834358,5.42736564648368,1,1,1,1,1
"Diagnoses - main ICD10 (E220)",-0.0218779102491209,3.88600623879894e-06,0.000200023478568507,44535,-4.61754611732433,-4.61796645215665,0.0218779102491209,5.41049650649646,1,1,1,1,1
"Diagnoses - main ICD10 (F259)",-0.0218750292465617,3.89740742961438e-06,0.000200023478568507,44535,-4.61693785959181,-4.61735804199084,0.0218750292465617,5.40922419128604,1,1,1,1,1
"Diagnoses - ICD10 (Z466 - Z46.6 Fitting and adjustment of urinary device)",-0.0218644114349514,3.93970347569725e-06,0.000201581494506509,44535,-4.61469615241732,-4.61511577336139,0.0218644114349514,5.40453646439641,1,1,1,1,1
"Diagnoses - main ICD10 (N280)",-0.0218607874679428,3.95423998386234e-06,0.000201714024554428,44535,-4.61393103521521,-4.61435046464827,0.0218607874679428,5.40293697677641,1,1,1,1,1
"Diagnoses - secondary ICD10 (D508)",-0.0218499758564272,3.99791375774002e-06,0.000203327631926025,44535,-4.61164841307149,-4.61206727151813,0.0218499758564272,5.39816657863751,1,1,1,1,1
"Diagnoses - secondary ICD10 (R828)",-0.0218018927839406,4.19780899517066e-06,0.000212852867517888,44535,-4.60149679556167,-4.60191312116527,0.0218018927839406,5.37697732617062,1,1,1,1,1
"Diagnoses - main ICD10 (J9691)",-0.0217983909554415,4.2127353397337e-06,0.000212970168297615,44535,-4.60075746711109,-4.60117360866751,0.0217983909554415,5.37543582406889,1,1,1,1,1
"Treatment/medication code (1140861954.0 - fenofibrate)",-0.0217805739252891,4.28947042345628e-06,0.00021620211373152,44535,-4.59699582339356,-4.59741102940723,0.0217805739252891,5.36759632235315,1,1,1,1,1
"Diagnoses - secondary ICD10 (C712)",-0.0217442492937731,4.4500839229246e-06,0.000223629961424351,44535,-4.58932674725664,-4.58974005045014,0.0217442492937731,5.35163179870011,1,1,1,1,1
"Liking for bicycling (0.0)",0.0256194513251254,4.51143286067849e-06,0.000225567640411207,32039,4.58652760077398,4.58710116084993,0.0256194513251254,5.34568550143581,1,1,1,1,1
"Diagnoses - main ICD10 (Z502)",-0.0217298440562002,4.51536052466616e-06,0.000225567640411207,44535,-4.58628542963979,-4.58669797991305,0.0217298440562002,5.34530756813626,1,1,1,1,1
"Diagnoses - main ICD10 (R601)",-0.0217134570411415,4.59073269326701e-06,0.000228656405680866,44535,-4.58282570993911,-4.58323740486917,0.0217134570411415,5.33811799436507,1,1,1,1,1
"Diagnoses - main ICD10 (M2447)",-0.0217058729869207,4.62602216339214e-06,0.000229736424202577,44535,-4.58122452216701,-4.581635821654,0.0217058729869207,5.33479229084429,1,1,1,1,1
"Scale to indicate how health is today (0.0)",0.0249733876645896,4.70431239005963e-06,0.000232939339314243,33590,4.5777637509013,4.57830795384322,0.0249733876645896,5.32750384663123,1,1,1,1,1
"Mother still alive (0.0)",0.0218265071249513,4.78160219838643e-06,0.000236074131929108,43911,4.57430426683236,4.57471968139194,0.0218265071249513,5.32042655750337,1,1,1,1,1
"Diagnoses - ICD10 (I350 - I35.0 Aortic (valve) stenosis)",-0.0216689388042325,4.80162779558558e-06,0.000236371677342456,44535,-4.57342677932079,-4.57383615677883,0.0216689388042325,5.31861150787505,1,1,1,1,1
"Diagnoses - secondary ICD10 (S3200)",-0.0216542744090429,4.8731062453914e-06,0.000239193020213471,44535,-4.57033075698035,-4.57073937304706,0.0216542744090429,5.31219411985527,1,1,1,1,1
"Diagnoses - secondary ICD10 (M2547)",-0.0216442363252963,4.92262105991575e-06,0.000240923062599065,44535,-4.56821146637889,-4.56861956182492,0.0216442363252963,5.30780359463994,1,1,1,1,1
"Diagnoses - secondary ICD10 (J848)",-0.0216327757341986,4.97974175050163e-06,0.000243014275887919,44535,-4.5657918500152,-4.56619935162647,0.0216327757341986,5.30279317917608,1,1,1,1,1
"Glycated haemoglobin (HbA1c) (0.0)",-0.0224342437356091,5.03798395303021e-06,0.000245148008780735,41365,-4.56336360552084,-4.56380169823179,0.0224342437356091,5.29774322014905,1,1,1,1,1
"Operative procedures - OPCS4 (M479 - M47.9 Unspecified urethral catheterisation of bladder)",-0.0216168056920071,5.06039742254694e-06,0.000245531064596854,44535,-4.56242017815745,-4.56282685327662,0.0216168056920071,5.29581537414017,1,1,1,1,1
"Operative procedures - OPCS4 (U548 - U54.8 Other specified rehabilitation for other disorders)",-0.0216056448826161,5.1175053734676e-06,0.00024759048203725,44535,-4.5600638559637,-4.56046995417318,0.0216056448826161,5.29094169264863,1,1,1,1,1
"Diagnoses - secondary ICD10 (Z129)",-0.0215877804200642,5.21020122913749e-06,0.000251354993582819,44535,-4.55629222957814,-4.55669740554553,0.0215877804200642,5.28314550299292,1,1,1,1,1
"Operative procedures - secondary OPCS4 (C712 - C71.2 Phacoemulsification of lens)",-0.0215638961599113,5.336647088002e-06,0.000256721612766136,44535,-4.55124968075739,-4.55165362598914,0.0215638961599113,5.27273151610235,1,1,1,1,1
"Diagnoses - main ICD10 (K700)",-0.0215504749837609,5.40898410645673e-06,0.000259462206356596,44535,-4.54841614599185,-4.54881940078303,0.0215504749837609,5.26688429466965,1,1,1,1,1
"Pelvis BMC (bone mineral content) (2.0)",0.0262057549511128,5.59685482520592e-06,0.000267713579953547,30020,4.5412955178882,4.54189121002692,0.0262057549511128,5.25205595795474,1,1,1,1,1
"Lamb/mutton intake (2.0)",-0.0215836193488677,5.78804814072001e-06,0.000276076815977563,44120,-4.53413776925382,-4.53454131817526,0.0215836193488677,5.23746786539645,1,1,1,1,1
"Leg fat mass (right) (0.0)",-0.0215957265266128,5.82701674016706e-06,0.00027715261312034,44043,-4.53272115427296,-4.53312506214142,0.0215957265266128,5.23455373424351,1,1,1,1,1
"Operative procedures - main OPCS4 (L544 - L54.4 Percutaneous transluminal insertion of stent into iliac artery)",-0.0214665297855783,5.88317941215783e-06,0.000279037877455857,44535,-4.530693322299,-4.53109227719937,0.0214665297855783,5.23038790726069,1,1,1,1,1
"Forced vital capacity (FVC) (0.0)",0.0222735352542598,5.97039440932721e-06,0.000282381259387927,41309,4.52759486643929,4.52802417379574,0.0222735352542598,5.22399697806049,1,1,1,1,1
"Diagnoses - secondary ICD10 (Z572)",-0.0214404582608194,6.03837878667953e-06,0.000284005642933381,44535,-4.52518901765759,-4.52558664362009,0.0214404582608194,5.21907964722466,1,1,1,1,1
"Diagnoses - ICD10 (Z572 - Z57.2 Occupational exposure to dust)",-0.0214404582608194,6.03837878667953e-06,0.000284005642933381,44535,-4.52518901765759,-4.52558664362009,0.0214404582608194,5.21907964722466,1,1,1,1,1
"Operative procedures - OPCS4 (M274 - M27.4 Ureteroscopic insertion of ureteric stent)",-0.0213846994546667,6.38355619607733e-06,0.000299406517696571,44535,-4.51341705879159,-4.51381185290755,0.0213846994546667,5.19493731405935,1,1,1,1,1
"Diagnoses - secondary ICD10 (R32)",-0.0213743862391402,6.44943598730585e-06,0.000301658522564153,44535,-4.51123970626935,-4.51163397814468,0.0213743862391402,5.19047826339744,1,1,1,1,1
"Frequency of travelling from home to job workplace (0.0)",0.0249233954675199,6.56933738024795e-06,0.000306417849904659,32696,4.50738385189922,4.50791964753109,0.0249233954675199,5.1824784335779,1,1,1,1,1
"Diagnoses - secondary ICD10 (V498)",-0.021343650871745,6.64965051575906e-06,0.000309309501263338,44535,-4.50475078234218,-4.5051435006891,0.021343650871745,5.17720117921807,1,1,1,1,1
"Treatment/medication code (1193.0 - omega-3/fish oil supplement)",-0.021338344178657,6.68481555834769e-06,0.000310090963468958,44535,-4.50363042152793,-4.50402287207806,0.021338344178657,5.17491057091462,1,1,1,1,1
"Diagnoses - ICD10 (M2547 - M25.47 Effusion of joint (Ankle and foot))",-0.0213273969928326,6.75792040598581e-06,0.000312018500464505,44535,-4.50131922817927,-4.50171112669218,0.0213273969928326,5.17018692760177,1,1,1,1,1
"Treatment/medication code (1140916682.0 - evening primrose oil)",-0.0213265919258915,6.76332669055427e-06,0.000312018500464505,44535,-4.50114926076271,-4.5015411186996,0.0213265919258915,5.16983963423985,1,1,1,1,1
"Diagnoses - ICD10 (I501 - I50.1 Left ventricular failure)",-0.02131428290192,6.84650271650585e-06,0.000314995090921529,44535,-4.49855055460257,-4.49894179251827,0.02131428290192,5.16453121519102,1,1,1,1,1
"Minimum carotid IMT (intima-medial thickness) at 210 degrees  (2.0)",0.0253323538925882,6.88899778613023e-06,0.000316088933746763,31507,4.49729443406222,4.49784704577014,0.0253323538925882,5.16184395481406,1,1,1,1,1
"Diagnoses - secondary ICD10 (I350)",-0.0213016269477536,6.93304279521948e-06,0.000317247771266344,44535,-4.49587860525692,-4.49626920638783,0.0213016269477536,5.15907611904682,1,1,1,1,1
"Diagnoses - secondary ICD10 (N209)",-0.0212906274547814,7.00910507806223e-06,0.000319733512482275,44535,-4.4935563723501,-4.49394642062689,0.0212906274547814,5.15433742917603,1,1,1,1,1
"Diagnoses - secondary ICD10 (M8199)",-0.021286205707516,7.03990613215161e-06,0.000319733512482275,44535,-4.49262284535406,-4.4930126715394,0.021286205707516,5.15243313156248,1,1,1,1,1
"Able to pay rent/mortgage as an adult (0.0)",0.0270851629124733,7.04417332800747e-06,0.000319733512482275,27502,4.49258328315939,4.49321456539022,0.0270851629124733,5.15216996638007,1,1,1,1,1
"Difficulty with standing for long periods (0.0)",-0.0235100626727245,7.11524530148215e-06,0.000322093611033582,36470,-4.49038769804175,-4.49086309184306,0.0235100626727245,5.14781012281179,1,1,1,1,1
"Diagnoses - secondary ICD10 (S499)",-0.0212569154332596,7.24722947939124e-06,0.00032631858602539,44535,-4.48643903599644,-4.4868273932374,0.0212569154332596,5.13982798677673,1,1,1,1,1
"Diagnoses - ICD10 (S499 - S49.9 Unspecified injury of shoulder and upper arm)",-0.0212569154332596,7.24722947939124e-06,0.00032631858602539,44535,-4.48643903599644,-4.4868273932374,0.0212569154332596,5.13982798677673,1,1,1,1,1
"Diagnoses - main ICD10 (G960)",-0.0212501451665739,7.29597509498557e-06,0.000327639732656466,44535,-4.48500968760589,-4.48539770585805,0.0212501451665739,5.13691665715343,1,1,1,1,1
"Augmentation index for PWA (2.1)",-0.0230473082770588,7.3371048141846e-06,0.000328612771319647,37839,-4.48383613867328,-4.48429250110705,0.0230473082770588,5.13447527676864,1,1,1,1,1
"Diagnoses - secondary ICD10 (R418)",-0.0211765633446175,7.84638761746452e-06,0.000350492737885948,44535,-4.46947501457268,-4.4698593618303,0.0211765633446175,5.10533024120167,1,1,1,1,1
"Operative procedures - main OPCS4 (A812 - A81.2 Injection of therapeutic substance around sympathetic nerve)",-0.0211670703381442,7.92022423161771e-06,0.000352857483247665,44535,-4.46747084441315,-4.46785471983173,0.0211670703381442,5.10126252280751,1,1,1,1,1
"Operative procedures - secondary OPCS4 (Z924 - Z92.4 Chest NEC)",-0.0211118846561599,8.36278889177824e-06,0.000371593922204409,44535,-4.45582002061986,-4.45620116107603,0.0211118846561599,5.07764886630178,1,1,1,1,1
"Operative procedures - main OPCS4 (M473 - M47.3 Removal of urethral catheter from bladder)",-0.0210943770628198,8.5080630575436e-06,0.000377056810306099,44535,-4.45212381601851,-4.45250409165223,0.0210943770628198,5.07016929998208,1,1,1,1,1
"Operative procedures - OPCS4 (T458 - T45.8 Other specified image controlled operations on abdominal cavity)",-0.021060339692155,8.79742905626713e-06,0.000388860182238404,44535,-4.44493785123123,-4.44531644943143,0.021060339692155,5.0556442266918,1,1,1,1,1
"Whole body fat mass (0.0)",-0.0211837649106956,8.85852491833395e-06,0.000390538363566759,43988,-4.44345127695867,-4.44383423288486,0.0211837649106956,5.05263858885353,1,1,1,1,1
"Operation code (1464.0 - colectomy/hemicolectomy)",-0.0210415896461069,8.96082392715863e-06,0.000394019562526233,44535,-4.44097934861672,-4.44135702497844,0.0210415896461069,5.04765205612278,1,1,1,1,1
"Femur neck BMC (bone mineral content) (left) (2.0)",0.0256184511005486,9.17660591504743e-06,0.000402459716559937,29972,4.43592333164562,4.43648279580774,0.0256184511005486,5.03731791846404,1,1,1,1,1
"Diagnoses - secondary ICD10 (I714)",-0.0209928559829482,9.39918049842724e-06,0.000411153271284829,44535,-4.43069073073199,-4.43106601843241,0.0209928559829482,5.02691001028604,1,1,1,1,1
"Operative procedures - main OPCS4 (W194 - W19.4 Primary open reduction of fracture of small bone and fixation using screw)",-0.020975639689935,9.55888065179439e-06,0.000415983762385434,44535,-4.42705604367468,-4.42743049004548,0.020975639689935,5.01959296077941,1,1,1,1,1
"Operative procedures - OPCS4 (W194 - W19.4 Primary open reduction of fracture of small bone and fixation using screw)",-0.020975639689935,9.55888065179439e-06,0.000415983762385434,44535,-4.42705604367468,-4.42743049004548,0.020975639689935,5.01959296077941,1,1,1,1,1
"Diagnoses - secondary ICD10 (I209)",-0.0209719023784623,9.59388913659948e-06,0.000416433979618206,44535,-4.42626702645395,-4.4266412903626,0.0209719023784623,5.01800530438599,1,1,1,1,1
"Diagnoses - main ICD10 (G620)",-0.0209631128192686,9.67670688133855e-06,0.000418951783824106,44535,-4.42441138455882,-4.42478521958968,0.0209631128192686,5.01427241403365,1,1,1,1,1
"Diagnoses - secondary ICD10 (Z864)",-0.0209077644833591,1.02141162904761e-05,0.000439962636644616,44535,-4.41272632156233,-4.41309746378484,0.0209077644833591,4.99079920189221,1,1,1,1,1
"Diagnoses - ICD10 (Z864 - Z86.4 Personal history of psychoactive substance abuse)",-0.0209077644833591,1.02141162904761e-05,0.000439962636644616,44535,-4.41272632156233,-4.41309746378484,0.0209077644833591,4.99079920189221,1,1,1,1,1
"Operative procedures - main OPCS4 (E178 - E17.8 Other specified operations on unspecified nasal sinus)",-0.0209045116561307,1.02465708918616e-05,0.000440237530557464,44535,-4.41203959008567,-4.41241057447307,0.0209045116561307,4.98942145089202,1,1,1,1,1
"Number of operations, self-reported (2.0)",0.022219319892861,1.03463313073905e-05,0.000443395441942357,39382,4.40995937452244,4.41037836582767,0.022219319892861,4.98521361884519,1,1,1,1,1
"Standing height (2.0)",0.0211119871953777,1.07108339782505e-05,0.000457854257525973,43474,4.40244020155899,4.40281798572828,0.0211119871953777,4.97017671235665,1,1,1,1,1
"Operative procedures - secondary OPCS4 (Z738 - Z73.8 Specified bone of hand NEC)",-0.0208433764127615,1.08751709985872e-05,0.000463705207856428,44535,-4.39913283650591,-4.39950086315053,0.0208433764127615,4.9635639055771,1,1,1,1,1
"Type of cancer: ICD9 (1749 - 1749 Malignant neoplasm of female breast - unspecified site)",-0.0208277934061781,1.1041190839785e-05,0.000467598707057331,44535,-4.39584298775531,-4.39621026312429,0.0208277934061781,4.95698408355821,1,1,1,1,1
"Diagnoses - secondary ICD10 (Y434)",-0.0208272398908975,1.10471322107054e-05,0.000467598707057331,44535,-4.39572613091308,-4.39609337961606,0.0208272398908975,4.95675044837803,1,1,1,1,1
"Difficulty with taking care of household responsibilities (0.0)",-0.0230145306737911,1.10495637616746e-05,0.000467598707057331,36470,-4.39570801246593,-4.39615647917482,0.0230145306737911,4.95665486764741,1,1,1,1,1
"Operative procedures - main OPCS4 (C751 - C75.1 Insertion of prosthetic replacement for lens NEC)",-0.0208011058342188,1.13311525045183e-05,0.000478316275096981,44535,-4.39020877349254,-4.39057476470379,0.0208011058342188,4.94572591530013,1,1,1,1,1
"Diagnoses - ICD10 (K760 - K76.0 Fatty (change of) liver, not elsewhere classified)",-0.0207928069604237,1.14227920744097e-05,0.000480982155053386,44535,-4.38845673703454,-4.38882232955741,0.0207928069604237,4.94222772846309,1,1,1,1,1
"Diagnoses - main ICD10 (D181)",-0.0207733263650412,1.16406923265324e-05,0.000488938034660445,44535,-4.38434404723382,-4.38470870507318,0.0207733263650412,4.93402118938963,1,1,1,1,1
"Diagnoses - ICD10 (N201 - N20.1 Calculus of ureter)",-0.020761850855653,1.17709026386283e-05,0.000493180374821935,44535,-4.38192137076394,-4.38228547878561,0.020761850855653,4.92919023248838,1,1,1,1,1
"Minimum carotid IMT (intima-medial thickness) at 150 degrees  (2.0)",0.0246434746437892,1.19494973669929e-05,0.000498698945262914,31561,4.37869420765537,4.3792069799101,0.0246434746437892,4.92265036210767,1,1,1,1,1
"Diagnoses - secondary ICD10 (R521)",-0.0207452539302243,1.19616862796257e-05,0.000498698945262914,44535,-4.37841747774232,-4.37878079158977,0.0207452539302243,4.92220759206052,1,1,1,1,1
"Femur total BMC (bone mineral content) (left) (2.0)",0.0252881685795574,1.21307914084351e-05,0.000504503480126666,29927,4.37542055351587,4.37596022410823,0.0252881685795574,4.91611086499456,1,1,1,1,1
"Number of treatments/medications taken (2.0)",-0.0220416992359842,1.21685782477283e-05,0.000504831557034133,39382,-4.37469480663625,-4.37510471127849,0.0220416992359842,4.91476016090191,1,1,1,1,1
"Diagnoses - main ICD10 (N201)",-0.0207243993500245,1.22055981676859e-05,0.000505126286915136,44535,-4.37401472486185,-4.37437704251554,0.0207243993500245,4.91344093197318,1,1,1,1,1
"Operative procedures - OPCS4 (G445 - G44.5 Fibreoptic endoscopic percutaneous insertion of gastrostomy)",-0.0207081738936876,1.2398643978529e-05,0.000511860888942451,44535,-4.37058926057459,-4.37095080447894,0.0207081738936876,4.9066258103898,1,1,1,1,1
"Average total household income before tax (2.0)",0.0218351408897123,1.24819426651555e-05,0.000512854481099992,40029,4.36914168332396,4.36954356652935,0.0218351408897123,4.90371781664888,1,1,1,1,1
"Ribs BMD (bone mineral density) (2.0)",0.0252128911433505,1.24834582014863e-05,0.000512854481099992,30020,4.36916395636497,4.36969985818086,0.0252128911433505,4.90366508854971,1,1,1,1,1
"Place of birth in UK - east co-ordinate (0.0)",0.0217315420053128,1.29368989847993e-05,0.000530193056694991,40267,4.36131427537046,4.36171183349272,0.0217315420053128,4.88816981293993,1,1,1,1,1
"Diagnoses - secondary ICD10 (Z850)",-0.0206431281397549,1.32021914218845e-05,0.000539755453168329,44535,-4.35685704080497,-4.35721549440756,0.0206431281397549,4.87935397459417,1,1,1,1,1
"Diagnoses - main ICD10 (R410)",-0.0206349476313075,1.33066984839454e-05,0.000542714019085552,44535,-4.35513000463434,-4.35548807089168,0.0206349476313075,4.87592968367356,1,1,1,1,1
"Arm fat percentage (right) (0.0)",-0.0207370615797728,1.34922035633545e-05,0.000548953872692145,44036,-4.35209752879046,-4.35245896578585,0.0207370615797728,4.869917115024,1,1,1,1,1
"Diagnoses - secondary ICD10 (H534)",-0.0205816032121855,1.40077813905499e-05,0.000568561030719796,44535,-4.34386815887111,-4.34422370643362,0.0205816032121855,4.85363064459585,1,1,1,1,1
"Diagnoses - secondary ICD10 (M4790)",-0.0205742114983238,1.4107662826457e-05,0.000571241934831479,44535,-4.34230765378688,-4.34266285332149,0.0205742114983238,4.85054492853099,1,1,1,1,1
"Diagnoses - secondary ICD10 (I501)",-0.0205660277749007,1.4219038601219e-05,0.00057437432244398,44535,-4.34057994379234,-4.34093475828559,0.0205660277749007,4.84712976677788,1,1,1,1,1
"Diagnoses - ICD10 (Z850 - Z85.0 Personal history of malignant neoplasm of digestive organs)",-0.0205577772055197,1.43321726637789e-05,0.000577562614386411,44535,-4.33883812217603,-4.33919254877751,0.0205577772055197,4.84368796840471,1,1,1,1,1
"Femur wards BMD (bone mineral density) (right) (2.0)",0.0254394754434623,1.46443601356092e-05,0.000588738144975622,29017,4.33416727472193,4.33470967831279,0.0254394754434623,4.83432959944466,1,1,1,1,1
"Exposure to tobacco smoke outside home (0.0)",-0.0215420142415964,1.48174258985783e-05,0.000594280846312338,40421,-4.33152585734101,-4.33191457021038,0.0215420142415964,4.82922723597482,1,1,1,1,1
"Diagnoses - main ICD10 (K049)",-0.0204655343324313,1.5656904673481e-05,0.000623626718647288,44535,-4.31936427846222,-4.31971438847297,0.0204655343324313,4.80529409260366,1,1,1,1,1
"Diagnoses - secondary ICD10 (Z867)",-0.0204653330697374,1.56599187862866e-05,0.000623626718647288,44535,-4.3193217889919,-4.31967188962469,0.0204653330697374,4.80521049456154,1,1,1,1,1
"Diagnoses - ICD10 (Z867 - Z86.7 Personal history of diseases of the circulatory system)",-0.0204653330697374,1.56599187862866e-05,0.000623626718647288,44535,-4.3193217889919,-4.31967188962469,0.0204653330697374,4.80521049456154,1,1,1,1,1
"Liking for going to a cafe (0.0)",0.0235136024743104,1.5741441545223e-05,0.000625398212920213,33717,4.31821608742336,4.31867820853138,0.0235136024743104,4.80295549901196,1,1,1,1,1
"Number of days/week walked 10+ minutes (2.0)",0.0205669082981737,1.58737753939118e-05,0.000629175346305634,44035,4.31632824526995,4.31668165376486,0.0205669082981737,4.79931976903951,1,1,1,1,1
"Father still alive (0.0)",0.020673863022698,1.6018536289364e-05,0.000631549819870414,43540,4.31432412580564,4.31468110089192,0.020673863022698,4.79537717055481,1,1,1,1,1
"Liking for bell pepper (0.0)",0.0246097485786333,1.60225939226469e-05,0.000631549819870414,30724,4.31432193775473,4.31482783864304,0.0246097485786333,4.79526717395094,1,1,1,1,1
"Diagnoses - ICD10 (E039 - E03.9 Hypothyroidism, unspecified)",-0.0204398606879645,1.604589118889e-05,0.000631549819870414,44535,-4.31394420301541,-4.31429311815831,0.0204398606879645,4.79463615718057,1,1,1,1,1
"Diagnoses - ICD10 (K908 - K90.8 Other intestinal malabsorption)",-0.0203817198196581,1.69611274290546e-05,0.000666020085208341,44535,-4.30166985087313,-4.3020160706225,0.0203817198196581,4.77054528297887,1,1,1,1,1
"Sitting height (0.0)",0.0205024956521708,1.7114375708903e-05,0.000670478500800063,43971,4.29967814391561,4.30002836333345,0.0205024956521708,4.76663893825111,1,1,1,1,1
"Liking for bolognese sauce (0.0)",0.0234962453811975,1.72647518216994e-05,0.000674804015068044,33448,4.29777830413885,4.2982381658205,0.0234962453811975,4.76283966018977,1,1,1,1,1
"Operative procedures - main OPCS4 (U543 - U54.3 Delivery of rehabilitation for stroke)",-0.0203545025621908,1.74064707988527e-05,0.000678771961752026,44535,-4.29592391637827,-4.29626887934975,0.0203545025621908,4.75928927414136,1,1,1,1,1
"Operative procedures - OPCS4 (A812 - A81.2 Injection of therapeutic substance around sympathetic nerve)",-0.0203434830826901,1.75899274626466e-05,0.000684345449785226,44535,-4.29359755568079,-4.29394201072577,0.0203434830826901,4.75473595148269,1,1,1,1,1
"Interval between previous point and current one in numeric path (trail #1) (1.15)",-0.0236199283020307,1.79638931574637e-05,0.000697288128652356,32963,-4.28896952573767,-4.28943355747994,0.0236199283020307,4.74559953662324,1,1,1,1,1
"Treatment/medication code (1140871986.0 - clonidine hydrochloride 25micrograms tablet)",-0.0202998266140276,1.83350056695781e-05,0.0007095195511645,44535,-4.28438109677915,-4.28472354467274,0.0202998266140276,4.73671895141016,1,1,1,1,1
"Arm fat-free mass (right) (2.0)",0.0229336945188417,1.83630467195076e-05,0.0007095195511645,34886,4.2840752867435,4.284512377651,0.0229336945188417,4.73605526084195,1,1,1,1,1
"Operative procedures - OPCS4 (U051 - U05.1 Computed tomography of head)",-0.0202654440641826,1.89428716703087e-05,0.000730252027746945,44535,-4.27712249650743,-4.27746336938414,0.0202654440641826,4.72255418288119,1,1,1,1,1
"Diagnoses - secondary ICD10 (N288)",-0.0202192010712541,1.97907483561044e-05,0.000761199968092991,44535,-4.26736001949537,-4.26769878202715,0.0202192010712541,4.70353778331853,1,1,1,1,1
"Trunk fat mass (0.0)",-0.0203354017376454,1.98700511580868e-05,0.000762513213191582,44009,-4.26646884757684,-4.26681146493091,0.0203354017376454,4.7018010147399,1,1,1,1,1
"Operative procedures - secondary OPCS4 (M479 - M47.9 Unspecified urethral catheterisation of bladder)",-0.0201630363903542,2.08691783252339e-05,0.000799038721137357,44535,-4.25550297400909,-4.25583918569643,0.0201630363903542,4.68049464992074,1,1,1,1,1
"Treatment/medication code (1140923348.0 - co-proxamol)",-0.0201491639142099,2.11440371434589e-05,0.000807730921192993,44535,-4.25257433014473,-4.25290991385406,0.0201491639142099,4.67481208695613,1,1,1,1,1
"Operative procedures - main OPCS4 (C124 - C12.4 Curettage of lesion of eyelid)",-0.0201379633554387,2.13684675930609e-05,0.000814461795279532,44535,-4.2502097608492,-4.25054483813059,0.0201379633554387,4.67022662148312,1,1,1,1,1
"Genetic principal components (0.12)",0.0203826327874174,2.16552503140594e-05,0.000823533562056066,43411,4.24722552291714,4.24756862195728,0.0203826327874174,4.66443679187473,1,1,1,1,1
"Diagnoses - ICD10 (K590 - K59.0 Constipation)",-0.020117905533444,2.17760527887505e-05,0.000826266632220342,44535,-4.24597532209221,-4.24630949380266,0.020117905533444,4.66202083933787,1,1,1,1,1
"Diagnoses - main ICD10 (I350)",-0.0200877690042218,2.24023811947579e-05,0.000848126023483157,44535,-4.23961315782134,-4.23994597214227,0.0200877690042218,4.64970581716667,1,1,1,1,1
"Operative procedures - secondary OPCS4 (Y532 - Y53.2 Approach to organ under ultrasonic control)",-0.0200551373387389,2.30998858742373e-05,0.000872576225920573,44535,-4.2327242505805,-4.23305559947499,0.0200551373387389,4.63639016574904,1,1,1,1,1
"Diagnoses - ICD10 (J848 - J84.8 Other specified interstitial pulmonary diseases)",-0.0200423591960134,2.33786104708866e-05,0.000881133566519913,44535,-4.23002664509766,-4.23035742137995,0.0200423591960134,4.63118130509718,1,1,1,1,1
"Liking for curry (0.0)",0.023022260134339,2.37113422969362e-05,0.000891683774351375,33700,4.22688393010923,4.2273201880551,0.023022260134339,4.62504385995468,1,1,1,1,1
"Forced vital capacity (FVC) (0.1)",0.0207771475248601,2.41346629264238e-05,0.000904665519732713,41300,4.22286969367658,4.2232247474589,0.0207771475248601,4.61735876231935,1,1,1,1,1
"Date first recorded at location (0.0)",0.020044291337562,2.41637044358575e-05,0.000904665519732713,44370,4.222589963387,4.22292038901175,0.020044291337562,4.61683648508713,1,1,1,1,1
"Diagnoses - secondary ICD10 (R54)",-0.0199966005022279,2.44032050076826e-05,0.000911610877333452,44535,-4.22036649642847,-4.22069522784859,0.0199966005022279,4.61255313162263,1,1,1,1,1
"Operative procedures - main OPCS4 (C651 - C65.1 Needling of bleb)",-0.019977214834567,2.48500341753643e-05,0.000926253481348844,44535,-4.2162739804056,-4.21660184818952,0.019977214834567,4.60467300966055,1,1,1,1,1
"Diagnoses - secondary ICD10 (R55)",-0.0199683737762912,2.50563899271147e-05,0.000931887982201172,44535,-4.21440754212392,-4.21473501656341,0.0199683737762912,4.60108150108621,1,1,1,1,1
"Treatment/medication code (1140865634.0 - omeprazole)",-0.0198836724629122,2.71177318197052e-05,0.00100633604785873,44535,-4.19652625757287,-4.19684998029206,0.0198836724629122,4.56674663852846,1,1,1,1,1
"Diagnoses - secondary ICD10 (E039)",-0.0198028274717887,2.92348616906927e-05,0.00108252333255997,44535,-4.17945913697602,-4.17977930690531,0.0198028274717887,4.5340989564568,1,1,1,1,1
"Operative procedures - secondary OPCS4 (Z921 - Z92.1 Head NEC)",-0.0197882593241702,2.96327007620977e-05,0.00109485372509414,44535,-4.17638367295126,-4.17670320558475,0.0197882593241702,4.52822876456371,1,1,1,1,1
"FR liver PDFF mean (2.0)",-0.0240230636564564,3.1561243247481e-05,0.0011635624284579,30008,-4.162064185449,-4.1625340398418,0.0240230636564564,4.50084589757649,1,1,1,1,1
"Arm fat mass (right) (0.0)",-0.0198157184367193,3.20444062336875e-05,0.00117880130556822,44033,-4.15854129872015,-4.15886075277987,0.0198157184367193,4.49424777125801,1,1,1,1,1
"Diagnoses - main ICD10 (D151)",-0.0196850286020845,3.26028198620297e-05,0.00119673611602255,44535,-4.1545908108047,-4.15490585291153,0.0196850286020845,4.48674483558983,1,1,1,1,1
"Treatment/medication code (1140878190.0 - minims artificial tears single-use eye drops)",-0.019678388388788,3.2803246187759e-05,0.00120148115375339,44535,-4.15318900970849,-4.1535037644866,0.019678388388788,4.48408317666417,1,1,1,1,1
"Operative procedures - OPCS4 (M136 - M13.6 Percutaneous insertion of nephrostomy tube)",-0.019675798578852,3.28817331012489e-05,0.00120174905500993,44535,-4.15264228062235,-4.15295692338647,0.019675798578852,4.48304530012004,1,1,1,1,1
"Mean carotid IMT (intima-medial thickness) at 210 degrees  (2.0)",0.023369679792442,3.34559313899922e-05,0.00122009373978406,31507,4.14872541715873,4.14916904707981,0.023369679792442,4.47552687515823,1,1,1,1,1
"Position of the shoulder on the pulse waveform (2.0)",-0.0214899395535198,3.38903553106711e-05,0.00123327295133768,37208,-4.14574625092528,-4.14612117176136,0.0214899395535198,4.46992387794176,1,1,1,1,1
"Diagnoses - main ICD10 (T012)",-0.0196359074337978,3.41134426812567e-05,0.00123872146166241,44535,-4.14422095566199,-4.14453387658242,0.0196359074337978,4.46707444998496,1,1,1,1,1
"Operative procedures - secondary OPCS4 (Y262 - Y26.2 Plastic repair of organ NOC)",-0.0196077706596262,3.50084350900873e-05,0.00126849233153675,44535,-4.13828107598156,-4.13859278639073,0.0196077706596262,4.45582730217212,1,1,1,1,1
"Diagnoses - ICD10 (R54 - R54 Senility)",-0.019594135322565,3.54501353536796e-05,0.00127963205950965,44535,-4.13540255854129,-4.13571368350597,0.019594135322565,4.45038210227939,1,1,1,1,1
"Diagnoses - secondary ICD10 (Z936)",-0.0195912820795204,3.55432298436498e-05,0.00127963205950965,44535,-4.13480021866707,-4.13511122122282,0.0195912820795204,4.44924311002706,1,1,1,1,1
"Diagnoses - ICD10 (Z936 - Z93.6 Other artificial openings of urinary tract status)",-0.0195912820795204,3.55432298436498e-05,0.00127963205950965,44535,-4.13480021866707,-4.13511122122282,0.0195912820795204,4.44924311002706,1,1,1,1,1
"Diagnoses - ICD10 (R601 - R60.1 Generalised oedema)",-0.0195854863064523,3.57330472256915e-05,0.00128372872852298,44535,-4.13357669001059,-4.13388744402165,0.0195854863064523,4.44692994666144,1,1,1,1,1
"Diagnoses - ICD10 (E260 - E26.0 Primary hyperaldosteronism)",-0.019568489756173,3.62952672572397e-05,0.00130115836016665,44535,-4.12998859972492,-4.13029862566112,0.019568489756173,4.44015000135692,1,1,1,1,1
"Methods of discharge from hospital (recoded) (0.0)",-0.0211619187859579,3.65006308486204e-05,0.00130574820313338,38056,-4.12870959014917,-4.12907210004756,0.0211619187859579,4.43769962946936,1,1,1,1,1
"Current situation (0.0)",-0.0224749964545684,3.70431946850391e-05,0.00132235590329151,33683,-4.1253311272,-4.12573980235368,0.0224749964545684,4.43129156588172,1,1,1,1,1
"Diagnoses - secondary ICD10 (G250)",-0.0195156645088242,3.80967505841342e-05,0.00135709627344537,44535,-4.11883683687763,-4.11914460757971,0.0195156645088242,4.41911206536274,1,1,1,1,1
"Wears glasses or contact lenses (0.0)",-0.0195147798783076,3.84348517887705e-05,0.00136625783674398,44495,-4.11679992156218,-4.11710755791506,0.0195147798783076,4.41527478930379,1,1,1,1,1
"IGF-1 (0.0)",0.0201839620693064,3.89508610991389e-05,0.00138169178499781,41531,4.11373124960387,4.11406018094629,0.0201839620693064,4.40948293679833,1,1,1,1,1
"Histology of cancer tumour (9680.0)",-0.0194692747904822,3.97484606348665e-05,0.00140702884238935,44535,-4.10904367619591,-4.10934947590314,0.0194692747904822,4.40067968589376,1,1,1,1,1
"Diagnoses - secondary ICD10 (Z926)",-0.0194638729138519,3.99451535854506e-05,0.00140808751208838,44535,-4.10790330728846,-4.108208878058,0.0194638729138519,4.39853590467973,1,1,1,1,1
"Diagnoses - ICD10 (Z926 - Z92.6 Personal history of chemotherapy for neoplastic disease)",-0.0194638729138519,3.99451535854506e-05,0.00140808751208838,44535,-4.10790330728846,-4.108208878058,0.0194638729138519,4.39853590467973,1,1,1,1,1
"Diagnoses - secondary ICD10 (F058)",-0.0194521467763667,4.03753087569188e-05,0.0014202856007512,44535,-4.10542784939695,-4.10573292361242,0.0194521467763667,4.39388414352367,1,1,1,1,1
"Operative procedures - secondary OPCS4 (U212 - U21.2 Computed tomography NEC)",-0.0194366377192136,4.09509891697532e-05,0.00143754148052242,44535,-4.10215379622964,-4.10245821456788,0.0194366377192136,4.3877356034084,1,1,1,1,1
"Diagnoses - ICD10 (R55 - R55 Syncope and collapse)",-0.019394192059325,4.25666196054878e-05,0.00149115637352419,44535,-4.09319327791461,-4.09349590627748,0.019394192059325,4.37093083760711,1,1,1,1,1
"Treatment/medication code (1140861958.0 - simvastatin)",-0.019333771688072,4.49710346567763e-05,0.001572124058343,44535,-4.08043822205086,-4.08073831515871,0.019333771688072,4.34706712042495,1,1,1,1,1
"Operative procedures - OPCS4 (U401 - U40.1 Diagnostic intradermal inoculation of skin)",-0.0193144683202553,4.57659772199163e-05,0.00159660852346753,44535,-4.07636318659782,-4.076662472877,0.0193144683202553,4.33945725991207,1,1,1,1,1
"Diagnoses - ICD10 (G250 - G25.0 Essential tremor)",-0.0193054949352094,4.6140035368496e-05,0.00160633916947846,44535,-4.07446886211719,-4.07476777385097,0.0193054949352094,4.33592207690776,1,1,1,1,1
"Histology of cancer tumour (8340.0)",-0.0192967431358556,4.65076478920947e-05,0.00161580583262967,44535,-4.0726213160679,-4.07291986282161,0.0192967431358556,4.33247562422348,1,1,1,1,1
"Diagnoses - ICD10 (R521 - R52.1 Chronic intractable pain)",-0.0192631255919595,4.79457126870931e-05,0.00166234775918186,44535,-4.06552450007348,-4.06582164776287,0.0192631255919595,4.31925022143562,1,1,1,1,1
"Operative procedures - main OPCS4 (B371 - B37.1 Aspiration of lesion of breast)",-0.0192553391923206,4.82847547044382e-05,0.00167067230160746,44535,-4.06388075710528,-4.06417758140379,0.0192553391923206,4.31618997055009,1,1,1,1,1
"Diagnoses - secondary ICD10 (R073)",-0.0192350780356663,4.91776670792723e-05,0.0016980877477168,44535,-4.05960354076219,-4.05989952471431,0.0192350780356663,4.30823207744013,1,1,1,1,1
"Femur troch BMC (bone mineral content) (right) (2.0)",0.0238331432596239,4.96009142411476e-05,0.00170920701420771,28978,4.05765665006496,4.05811096998602,0.0238331432596239,4.30451031854556,1,1,1,1,1
"Android total mass (2.0)",0.0233921731774232,5.04684585474477e-05,0.00173555992377526,30021,4.05359803075433,4.05403538477401,0.0233921731774232,4.29697995967212,1,1,1,1,1
"Diagnoses - main ICD10 (H356)",-0.0192035405556757,5.05987371952659e-05,0.00173650340963834,44535,-4.05294585123771,-4.05324053046883,0.0192035405556757,4.29586032181576,1,1,1,1,1
"Diagnoses - ICD10 (H534 - H53.4 Visual field defects)",-0.0191672359122785,5.22827927223391e-05,0.00179065913816774,44535,-4.04528180423326,-4.04557498652024,0.0191672359122785,4.28164122232509,1,1,1,1,1
"Operative procedures - OPCS4 (P273 - P27.3 Colposcopy of vagina)",-0.0191399742152088,5.35821460166625e-05,0.00183144642812013,44535,-4.03952676428478,-4.03981882600399,0.0191399742152088,4.27097989646632,1,1,1,1,1
"Operative procedures - main OPCS4 (D081 - D08.1 Extirpation of lesion of external auditory canal)",-0.0191198967255937,5.45585849728732e-05,0.00185730182916727,44535,-4.03528833959098,-4.03557957796508,0.0191198967255937,4.2631369020327,1,1,1,1,1
"Operative procedures - OPCS4 (D081 - D08.1 Extirpation of lesion of external auditory canal)",-0.0191198967255937,5.45585849728732e-05,0.00185730182916727,44535,-4.03528833959098,-4.03557957796508,0.0191198967255937,4.2631369020327,1,1,1,1,1
"Diagnoses - secondary ICD10 (F220)",-0.0191098464014171,5.5053675921829e-05,0.00187038494555349,44535,-4.03316668402367,-4.03345751086212,0.0191098464014171,4.25921367797709,1,1,1,1,1
"Liking for chips/french fries (0.0)",0.021920359342654,5.6578170112774e-05,0.00191831807701645,33738,4.02677719925286,4.02715947635398,0.021920359342654,4.24735110288073,1,1,1,1,1
"Diagnoses - secondary ICD10 (H612)",-0.0190581785552659,5.76667969358202e-05,0.00195131035322911,44535,-4.02225944936457,-4.02254816696747,0.0190581785552659,4.23907417051958,1,1,1,1,1
"Diagnoses - ICD10 (D508 - D50.8 Other iron deficiency anaemias)",-0.0190353722278954,5.88572246677125e-05,0.00198760847702865,44535,-4.01744497325419,-4.01773276325646,0.0190353722278954,4.23020022031855,1,1,1,1,1
"Diagnoses - secondary ICD10 (I421)",-0.0190301709718524,5.9131956035677e-05,0.00199290035461558,44535,-4.01634697491378,-4.01663455365866,0.0190301709718524,4.22817775466485,1,1,1,1,1
"Diagnoses - secondary ICD10 (M5456)",-0.0190164829184088,5.9860776399131e-05,0.0020134446404369,44535,-4.01345739315959,-4.01374441646193,0.0190164829184088,4.2228576546246,1,1,1,1,1
"Operative procedures - secondary OPCS4 (W365 - W36.5 Diagnostic extraction of bone marrow NEC)",-0.0190078506678126,6.03247653112419e-05,0.00202501722123324,44535,-4.01163510459745,-4.01192177800198,0.0190078506678126,4.21950435900444,1,1,1,1,1
"Recent changes in speed/amount of moving or speaking (0.0)",0.0240213184542255,6.24983821635061e-05,0.00209381980720397,27767,4.00333019543353,4.00378745946999,0.0240213184542255,4.20413122468082,1,1,1,1,1
"Diagnoses - main ICD10 (M4806)",-0.018964260964239,6.27202156635128e-05,0.00209709077520478,44535,-4.00243322398284,-4.00271813510004,0.018964260964239,4.20259245699912,1,1,1,1,1
"Diagnoses - ICD10 (R309 - R30.9 Painful micturition, unspecified)",-0.0189127488939503,6.56671162077247e-05,0.00219128311693168,44535,-3.99155893425222,-3.99184177260277,0.0189127488939503,4.18265205547382,1,1,1,1,1
"Diagnoses - secondary ICD10 (R522)",-0.0189047182440782,6.61381752799317e-05,0.00219972202059173,44535,-3.98986365168071,-3.99014616784638,0.0189047182440782,4.17954779123043,1,1,1,1,1
"Taking other prescription medications (0.0)",-0.0189237649239899,6.61805618276931e-05,0.00219972202059173,44442,-3.98971187046748,-3.98999494899116,0.0189237649239899,4.17926955029748,1,1,1,1,1
"Natural environment percentage, buffer 300m (0.0)",0.0189772889531714,6.76145278736335e-05,0.00224296916138763,44079,3.98462449958446,3.98490893431873,0.0189772889531714,4.16995998013117,1,1,1,1,1
"Operative procedures - secondary OPCS4 (Z664 - Z66.4 Thoracic vertebra)",-0.0188670150205201,6.83928272458832e-05,0.00226433899617007,44535,-3.98190444992835,-3.98218545690537,0.0188670150205201,4.16498944288333,1,1,1,1,1
"Treatment/medication code (1140876592.0 - multivitamin+mineral preparations)",-0.0188633925240274,6.86132404743031e-05,0.00226719093034952,44535,-3.98113973659059,-3.98142059886451,0.0188633925240274,4.16359206927765,1,1,1,1,1
"Operative procedures - main OPCS4 (H289 - H28.9 Unspecified diagnostic endoscopic examination of sigmoid colon using rigid sigmoidoscope)",-0.0188400682862703,7.0048594958395e-05,0.00231009868334472,44535,-3.97621596463524,-3.97649589645863,0.0188400682862703,4.15460057141226,1,1,1,1,1
"Diagnoses - secondary ICD10 (N200)",-0.018832606141078,7.05137753328801e-05,0.00231710415609562,44535,-3.9746406985844,-3.97492033318529,0.018832606141078,4.15172603241778,1,1,1,1,1
"Diagnoses - ICD10 (R418 - R41.8 Other and unspecified symptoms and signs involving cognitive functions and awareness)",-0.0188322591472638,7.05354774197896e-05,0.00231710415609562,44535,-3.97456744786617,-3.97484706865143,0.0188322591472638,4.15159238978613,1,1,1,1,1
"Diagnoses - main ICD10 (S3200)",-0.0188263492679696,7.09060715294485e-05,0.00232475537431988,44535,-3.97331986697494,-3.97359925253093,0.0188263492679696,4.14931657555262,1,1,1,1,1
"Diagnoses - secondary ICD10 (M214)",-0.0188042174580757,7.23103325942717e-05,0.00236276842164187,44535,-3.96864782425455,-3.96892633013834,0.0188042174580757,4.14079964090666,1,1,1,1,1
"Operative procedures - OPCS4 (U543 - U54.3 Delivery of rehabilitation for stroke)",-0.0188036707426196,7.2345352323888e-05,0.00236276842164187,44535,-3.96853241223498,-3.96881089641313,0.0188036707426196,4.14058936399102,1,1,1,1,1
"Operative procedures - secondary OPCS4 (Y534 - Y53.4 Approach to organ under fluoroscopic control)",-0.0187973310171385,7.27526152278976e-05,0.002371482448114,44535,-3.967194091874,-3.96747232443978,0.0187973310171385,4.13815139053957,1,1,1,1,1
"Liking for vegetables (0.0)",0.0215834276876308,7.36212989985417e-05,0.00239152617290485,33730,3.96439321713508,3.96475989423009,0.0215834276876308,4.13299652398632,1,1,1,1,1
"Diagnoses - ICD10 (G932 - G93.2 Benign intracranial hypertension)",-0.0187834672263267,7.36507912295245e-05,0.00239152617290485,44535,-3.96426743731599,-3.96454512020887,0.0187834672263267,4.13282258317613,1,1,1,1,1
"Liking for burgers (meat) (0.0)",0.0216327041960783,7.56808272960072e-05,0.00244903987329418,33465,3.95780615124511,3.95817408945965,0.0216327041960783,4.12101412914158,1,1,1,1,1
"Diastolic blood pressure, automated reading (2.0)",0.0210732430008317,7.57121003174154e-05,0.00244903987329418,35264,3.95770106039041,3.95805020118121,0.0210732430008317,4.12083470595402,1,1,1,1,1
"Operative procedures - OPCS4 (T438 - T43.8 Other specified diagnostic endoscopic examination of peritoneum)",-0.0187436494244816,7.62890876157233e-05,0.00246298517092063,44535,-3.95586188393228,-3.95613799236482,0.0187436494244816,4.11753757904651,1,1,1,1,1
"Time spend outdoors in summer (2.0)",0.0190652184043648,7.69691831644754e-05,0.0024801997284965,42999,3.95374303304557,3.95402859544481,0.0190652184043648,4.11368312236664,1,1,1,1,1
"Operative procedures - secondary OPCS4 (M293 - M29.3 Endoscopic removal of tubal prosthesis from ureter)",-0.018725848151671,7.74972696059744e-05,0.00249245980437501,44535,-3.95210403241222,-3.95237943898549,0.018725848151671,4.11071359834463,1,1,1,1,1
"Date of stroke (0.0)",-0.0187048231326262,7.89475493952979e-05,0.0025342763717483,44535,-3.94766565077758,-3.94794023000227,0.0187048231326262,4.10266134634749,1,1,1,1,1
"Domestic garden percentage, buffer 300m (0.0)",-0.0194700973668932,8.12035039624812e-05,0.00260174794005028,40962,-3.94092058195247,-3.94121775092398,0.0194700973668932,4.09042523038028,1,1,1,1,1
"Operative procedures - secondary OPCS4 (Y731 - Y73.1 Cardiopulmonary bypass)",-0.0186577902307372,8.22852522885524e-05,0.00262985916573262,44535,-3.93773701757095,-3.93800975234188,0.0186577902307372,4.08467799496547,1,1,1,1,1
"Treatment/medication code (1140865786.0 - bisacodyl)",-0.0186563105775101,8.23923896163788e-05,0.00262985916573262,44535,-3.93742466344731,-3.9376973403334,0.0186563105775101,4.08411290117001,1,1,1,1,1
"Diagnoses - secondary ICD10 (E162)",-0.0186287205435914,8.44144130855605e-05,0.00268648295992773,44535,-3.93160042298677,-3.93187202211577,0.0186287205435914,4.07358339473555,1,1,1,1,1
"Liking for exercising with others (0.0)",0.0216887707049498,8.44845988582543e-05,0.00268648295992773,32850,3.93143323115219,3.93180141015449,0.0216887707049498,4.07322245365967,1,1,1,1,1
"Operative procedures - OPCS4 (M455 - M45.5 Diagnostic endoscopic examination of bladder using rigid cystoscope)",-0.0186216440956759,8.4940538801194e-05,0.00269590413093639,44535,-3.93010658982393,-3.93037791300668,0.0186216440956759,4.07088498848728,1,1,1,1,1
"Diagnoses - ICD10 (I714 - I71.4 Abdominal aortic aneurysm, without mention of rupture)",-0.0186194563948428,8.51038178560798e-05,0.00269601869512178,44535,-3.92964476780108,-3.92991600571427,0.0186194563948428,4.07005095652368,1,1,1,1,1
"Duration to complete alphanumeric path (trail #2) (1.0)",-0.0227784239706068,8.60484658401351e-05,0.00272083959870914,29715,-3.92703475079484,-3.92744056192995,0.0227784239706068,4.06525686831263,1,1,1,1,1
"Number of incorrect matches in round (2.3)",0.0235113723214699,8.69819429362439e-05,0.00274521515229622,27854,3.9244465505315,3.92487871630233,0.0235113723214699,4.06057089562372,1,1,1,1,1
"Non-cancer illness code, self-reported (1065.0 - hypertension)",-0.0185378234638359,9.14128943693163e-05,0.00287967671907818,44535,-3.91241214349425,-3.91268021305751,0.0185378234638359,4.03899253995032,1,1,1,1,1
"Diagnoses - ICD10 (K049 - K04.9 Other and unspecified diseases of pulp and periapical tissues)",-0.018534786715621,9.16559082116382e-05,0.00288195532617041,44535,-3.91177109020641,-3.91203904241119,0.018534786715621,4.03783953483695,1,1,1,1,1
"Time to press first digit (left) (2.8)",-0.0189067375631627,9.27513003061709e-05,0.00291097714808494,42737,-3.90890508512708,-3.90918376518199,0.0189067375631627,4.0326799931756,1,1,1,1,1
"Diagnoses - ICD10 (F103 - F10.3 Withdrawal state)",-0.0185160977237844,9.31649677700443e-05,0.0029185352148371,44535,-3.90782587183761,-3.90809310258053,0.0185160977237844,4.03074736194075,1,1,1,1,1
"Diagnoses - ICD10 (A419 - A41.9 Septicaemia, unspecified)",-0.0185087968312657,9.37608339901283e-05,0.00293176237393207,44535,-3.90628466503221,-3.90655161430585,0.0185087968312657,4.02797853831724,1,1,1,1,1
"Diagnoses - ICD10 (M4790 - M47.90 Spondylosis, unspecified (Multiple sites in spine))",-0.0185050382587669,9.4068993407656e-05,0.0029351747722256,44535,-3.90549123651471,-3.90575804096642,0.0185050382587669,4.02655350315099,1,1,1,1,1
"Diagnoses - secondary ICD10 (E870)",-0.0185032294844686,9.42176326056427e-05,0.0029351747722256,44535,-3.90510940725308,-3.90537614203042,0.0185032294844686,4.02586781242237,1,1,1,1,1
"Diagnoses - secondary ICD10 (J449)",-0.018499770856759,9.45024691108666e-05,0.00293862650264638,44535,-3.90437929673725,-3.90464589832312,0.018499770856759,4.02455684432443,1,1,1,1,1
"Hand grip strength (right) (2.0)",0.0187755071090851,9.51464455000584e-05,0.0029532127431406,43200,3.90273900773041,3.90301354050685,0.0187755071090851,4.02160743153403,1,1,1,1,1
"Operative procedures - main OPCS4 (W903 - W90.3 Injection of therapeutic substance into joint)",-0.0184664177117712,9.72913247840729e-05,0.00301424590638362,44535,-3.89733850849541,-3.89760382805268,0.0184664177117712,4.01192588292152,1,1,1,1,1
"Diagnoses - secondary ICD10 (I7020)",-0.0184605769791233,9.77876289469208e-05,0.00302407347027245,44535,-3.89610554135011,-3.89637063684804,0.0184605769791233,4.00971608406639,1,1,1,1,1
"Illnesses of father (2.0)",-0.019317004948158,9.98214258742221e-05,0.00308132500162018,40569,-3.89112257192503,-3.89141259298431,0.019317004948158,4.00077623085455,1,1,1,1,1
"Interval between previous point and current one in numeric path (trail #1) (1.5)",-0.0214015901574193,0.000101947498312716,0.00313730910077893,32963,-3.88602834495614,-3.88638404876778,0.0214015901574193,3.99162342689725,1,1,1,1,1
"Diagnoses - main ICD10 (C851)",-0.0184120257812339,0.000102006674345729,0.00313730910077893,44535,-3.88585648949494,-3.88611972764158,0.0184120257812339,3.99137141121172,1,1,1,1,1
"Mean sphered cell volume (0.0)",-0.0190089868746393,0.000103371909853963,0.00317351763251666,41712,-3.88263153238403,-3.88291196580454,0.0190089868746393,3.98559745981842,1,1,1,1,1
"Diagnoses - secondary ICD10 (Z824)",-0.0183909618687525,0.000103890039751079,0.00317786833550176,44535,-3.88140994927066,-3.88167238446003,0.0183909618687525,3.98342608755828,1,1,1,1,1
"Diagnoses - ICD10 (Z824 - Z82.4 Family history of ischaemic heart disease and other diseases of the circulatory system)",-0.0183909618687525,0.000103890039751079,0.00317786833550176,44535,-3.88140994927066,-3.88167238446003,0.0183909618687525,3.98342608755828,1,1,1,1,1
"Illnesses of mother (2.0)",-0.0189022349260498,0.00010422737972937,0.00318242189282173,42141,-3.88062652240825,-3.88090371844874,0.0189022349260498,3.98201818023587,1,1,1,1,1
"Diagnoses - secondary ICD10 (Z507)",-0.0183791380919478,0.000104961558235126,0.0031990539906139,44535,-3.87891398051861,-3.8791759657407,0.0183791380919478,3.97896973048468,1,1,1,1,1
"Diagnoses - secondary ICD10 (E831)",-0.0183462034193227,0.000108001480265215,0.00328577476446514,44535,-3.87196156189049,-3.87222229660716,0.0183462034193227,3.96657029204445,1,1,1,1,1
"Diagnoses - ICD10 (Z507 - Z50.7 Occupational therapy and vocational rehabilitation, not elsewhere classified)",-0.0183278794502825,0.000109728584388985,0.00332826645101166,44535,-3.86809342616403,-3.86835346695387,0.0183278794502825,3.95968022360733,1,1,1,1,1
"Liking for potato crisps (0.0)",0.0210552444582099,0.000109792384555137,0.00332826645101166,33741,3.86797933344008,3.86832254610455,0.0210552444582099,3.95942778247592,1,1,1,1,1
"Interval between previous point and current one in alphanumeric path (trail #2) (1.8)",-0.0224137240271465,0.000111540927421654,0.00336651376403179,29715,-3.86413869035287,-3.86452737948076,0.0224137240271465,3.95256574883108,1,1,1,1,1
"Diagnoses - secondary ICD10 (G319)",-0.0183083417464224,0.000111598772289503,0.00336651376403179,44535,-3.86396907746592,-3.86422837979715,0.0183083417464224,3.95234058309402,1,1,1,1,1
"Treatment/medication code (1140868226.0 - aspirin)",-0.0183077879505841,0.000111652218410293,0.00336651376403179,44535,-3.86385217292481,-3.86411145434597,0.0183077879505841,3.95213264353945,1,1,1,1,1
"Operative procedures - OPCS4 (C124 - C12.4 Curettage of lesion of eyelid)",-0.0182845723045057,0.000113914576689333,0.00342860539643384,44535,-3.85895142596619,-3.85920983188431,0.0182845723045057,3.94342069935646,1,1,1,1,1
"Diagnoses - ICD10 (F058 - F05.8 Other delirium)",-0.0182603363219985,0.000116322453551261,0.00349484809290578,44535,-3.85383529376486,-3.8540927879226,0.0182603363219985,3.93433644595773,1,1,1,1,1
"Diagnoses - ICD10 (J449 - J44.9 Chronic obstructive pulmonary disease, unspecified)",-0.0182395979718925,0.000118420863701746,0.00355157421599286,44535,-3.84945750328004,-3.84971421905802,0.0182395979718925,3.92657177571868,1,1,1,1,1
"Diagnoses - secondary ICD10 (Z515)",-0.0181437534238359,0.000128591034905497,0.00384293738828198,44535,-3.82922510981236,-3.82947824972372,0.0181437534238359,3.89078930844751,1,1,1,1,1
"Diagnoses - ICD10 (Z515 - Z51.5 Palliative care)",-0.0181437534238359,0.000128591034905497,0.00384293738828198,44535,-3.82922510981236,-3.82947824972372,0.0181437534238359,3.89078930844751,1,1,1,1,1
"Diagnoses - main ICD10 (Z019)",-0.0181372580046223,0.000129309242431169,0.00385076994435677,44535,-3.82785395584036,-3.82810685469014,0.0181372580046223,3.88837043263389,1,1,1,1,1
"Diagnoses - ICD10 (Z019 - Z01.9 Special examination, unspecified)",-0.0181372580046223,0.000129309242431169,0.00385076994435677,44535,-3.82785395584036,-3.82810685469014,0.0181372580046223,3.88837043263389,1,1,1,1,1
"Operative procedures - secondary OPCS4 (U202 - U20.2 Transoesophageal echocardiography)",-0.0181341329889065,0.000129656125028526,0.00385430223786385,44535,-3.82719427910161,-3.82744706203171,0.0181341329889065,3.88720696209357,1,1,1,1,1
"Diagnoses - main ICD10 (M791)",-0.018124746523832,0.00013070332035714,0.0038786038035682,44535,-3.82521283906218,-3.82546527403458,0.018124746523832,3.88371337956202,1,1,1,1,1
"Diagnoses - secondary ICD10 (M1395)",-0.018120526002413,0.000131176773179379,0.00388582423707685,44535,-3.824321906427,-3.82457418505402,0.018120526002413,3.88214305652307,1,1,1,1,1
"Diagnoses - secondary ICD10 (W194)",-0.0181156869660079,0.000131721598759538,0.0038951299388,44535,-3.8233004082944,-3.82355250774761,0.0181156869660079,3.88034300671634,1,1,1,1,1
"Operation code (1529.0 - duodenal surgery)",-0.0181059383956453,0.000132825668133187,0.0039209115497008,44535,-3.82124253086695,-3.82149426963437,0.0181059383956453,3.87671799084585,1,1,1,1,1
"Diagnoses - ICD10 (F419 - F41.9 Anxiety disorder, unspecified)",-0.0181023956534725,0.000133229055308493,0.00392595566995447,44535,-3.8204946748099,-3.82074628259003,0.0181023956534725,3.87540105156146,1,1,1,1,1
"Spells in hospital (0.0)",-0.0232072684500626,0.000136834254689614,0.0040251679275856,27002,-3.81395751235333,-3.8143706335281,0.0232072684500626,3.86380516898697,1,1,1,1,1
"Vitamin and mineral supplements (4.0 - Vitamin D)",0.0180581093523707,0.00013837000759641,0.00406326535350501,44535,3.81114605494285,3.81139602935473,0.0180581093523707,3.85895803521851,1,1,1,1,1
"Femur wards BMD (bone mineral density) (left) (2.0)",0.0219877607971038,0.00013930902068613,0.00408373752480089,30011,3.80951363331419,3.80988417820777,0.0219877607971038,3.85602076076651,1,1,1,1,1
"Diagnoses - secondary ICD10 (Z874)",-0.0180289801854971,0.00014185271157272,0.00415109711422075,44535,-3.80499703955602,-3.80524594370595,0.0180289801854971,3.84816235807177,1,1,1,1,1
"Diagnoses - secondary ICD10 (A46)",-0.0180231414025713,0.000142560660780793,0.00416459646588874,44535,-3.80376450367349,-3.80401319368425,0.0180231414025713,3.84600030031066,1,1,1,1,1
"Diagnoses - main ICD10 (M8998)",-0.0180152249306481,0.000143525843928974,0.00418555073357639,44535,-3.80209337915786,-3.80234177903691,0.0180152249306481,3.84306989081032,1,1,1,1,1
"Leg fat percentage (left) (2.0)",0.020319279131144,0.000147376501877737,0.00429043488656136,34886,3.79555239170126,3.79586805665493,0.020319279131144,3.8315717560859,1,1,1,1,1
"Diagnoses - ICD10 (Z874 - Z87.4 Personal history of diseases of the genito-urinary system)",-0.0179773711496871,0.000148226676143305,0.00430775804936267,44535,-3.79410265679593,-3.79434967266257,0.0179773711496871,3.8290736299648,1,1,1,1,1
"Operative procedures - OPCS4 (U212 - U21.2 Computed tomography NEC)",-0.0179661156554925,0.000149652148689646,0.00433438087844696,44535,-3.79172668675003,-3.79197329214281,0.0179661156554925,3.82491704322501,1,1,1,1,1
"Treatment/medication code (1140864618.0 - zestoretic 10 tablet)",-0.0179650277065466,0.000149790615871671,0.00433438087844696,44535,-3.79149702703998,-3.79174359278208,0.0179650277065466,3.82451539359789,1,1,1,1,1
"Diagnoses - ICD10 (E872 - E87.2 Acidosis)",-0.0179640681069076,0.000149912847676223,0.00433438087844696,44535,-3.79129446113134,-3.79154099190426,0.0179640681069076,3.82416114609908,1,1,1,1,1
"Particulate matter air pollution (pm2.5) absorbance; 2010 (0.0)",-0.0185890549194904,0.000150640771644038,0.00434798193027279,41564,-3.79009709757633,-3.79036103067889,0.0185890549194904,3.8220574683506,1,1,1,1,1
"Diagnoses - secondary ICD10 (T012)",-0.0179506938589865,0.000151626235671946,0.00436531701358781,44535,-3.78847123582514,-3.78871727958491,0.0179506938589865,3.81922564684543,1,1,1,1,1
"Diagnoses - secondary ICD10 (Z501)",-0.0179496679073738,0.000151758429788335,0.00436531701358781,44535,-3.78825466351216,-3.78850066994068,0.0179496679073738,3.81884717564726,1,1,1,1,1
"Diagnoses - secondary ICD10 (K591)",-0.017923919962851,0.000155111803461065,0.00445418843782328,44535,-3.78281942743327,-3.78306449827957,0.017923919962851,3.80935515265086,1,1,1,1,1
"Diagnoses - ICD10 (Z501 - Z50.1 Other physical therapy)",-0.0179182257344359,0.000155862769577088,0.00446815426877613,44535,-3.7816174107736,-3.78186227505245,0.0179182257344359,3.80725761090602,1,1,1,1,1
"Operation code (1357.0 - hysterectomy)",-0.0179132191924017,0.000156525867903029,0.00447955810091973,44535,-3.78056056068969,-3.78080524344944,0.0179132191924017,3.80541387946458,1,1,1,1,1
"Diagnoses - secondary ICD10 (Y442)",-0.0179074635742592,0.000157291459029726,0.00449385158327736,44535,-3.77934558550281,-3.77959005970187,0.0179074635742592,3.80329485904846,1,1,1,1,1
"Operative procedures - secondary OPCS4 (Y981 - Y98.1 Radiology of one body area (or < 20 minutes))",-0.0178926319008972,0.000159280586810685,0.00454299443969326,44535,-3.77621471267132,-3.77645865000713,0.0178926319008972,3.79783715297956,1,1,1,1,1
"Diagnoses - secondary ICD10 (C900)",-0.017889467934063,0.000159707969846107,0.00454750264899077,44535,-3.77554681941562,-3.77579064233271,0.017889467934063,3.79667341088831,1,1,1,1,1
"Diagnoses - secondary ICD10 (T784)",-0.0178673513169234,0.000162725715474971,0.00462562913433482,44535,-3.77087814445132,-3.77112116862013,0.0178673513169234,3.78854381026911,1,1,1,1,1
"Operative procedures - main OPCS4 (M705 - M70.5 Massage of prostate)",-0.0178422525828719,0.000166215326753606,0.00471688368442796,44535,-3.76557996834767,-3.76582208830467,0.0178422525828719,3.77932893231113,1,1,1,1,1
"Treatment/medication code (1140884600.0 - metformin)",-0.0178384935741075,0.000166743983700812,0.00472394658521511,44535,-3.76478646696605,-3.76502845170481,0.0178384935741075,3.77794982693271,1,1,1,1,1
"Diagnoses - secondary ICD10 (L818)",-0.0178287847970884,0.000168116727989005,0.00475485921623844,44535,-3.76273701015168,-3.76297864589482,0.0178287847970884,3.77438907114191,1,1,1,1,1
"Treatment/medication code (1141194794.0 - bendroflumethiazide)",-0.01782077159234,0.000169257732499643,0.00477912510578004,44535,-3.76104547764936,-3.76128682561404,0.01782077159234,3.77145148154848,1,1,1,1,1
"Diagnoses - ICD10 (Z370 - Z37.0 Single live birth)",0.0178041879744005,0.000171642258546666,0.00483836316454167,44535,3.75754479130303,3.75778554446754,0.0178041879744005,3.76537577945805,1,1,1,1,1
"External causes - ICD10 (Y442 - Y44.2 Anticoagulants)",-0.0177959538802471,0.000172837927521553,0.00485585425324695,44535,-3.75580663209437,-3.75604709031323,0.0177959538802471,3.7623609499016,1,1,1,1,1
"Diagnoses - ICD10 (Y442 - Y44.2 Anticoagulants)",-0.0177959538802471,0.000172837927521553,0.00485585425324695,44535,-3.75580663209437,-3.75604709031323,0.0177959538802471,3.7623609499016,1,1,1,1,1
"Operative procedures - secondary OPCS4 (Z573 - Z57.3 Quadriceps)",-0.0177853885723789,0.000174383586663872,0.00489114096481642,44535,-3.75357637085667,-3.75381645099903,0.0177853885723789,3.75849439415552,1,1,1,1,1
"Treatment/medication code (1140874104.0 - dapsone)",-0.0177833636922586,0.000174681298409011,0.00489136604251436,44535,-3.7531489331816,-3.7533889409121,0.0177833636922586,3.75775358862056,1,1,1,1,1
"Operative procedures - OPCS4 (C151 - C15.1 Correction of ectropion NEC)",-0.0177777334762796,0.000175511605462935,0.00490647923549944,44535,-3.75196043511873,-3.75220024158774,0.0177777334762796,3.75569416112482,1,1,1,1,1
"Operative procedures - OPCS4 (G742 - G74.2 Creation of temporary ileostomy)",-0.0177645110313295,0.000177476180072991,0.00495319884385528,44535,-3.74916927310996,-3.74940860738859,0.0177645110313295,3.75085992743731,1,1,1,1,1
"Diagnoses - ICD10 (I209 - I20.9 Angina pectoris, unspecified)",-0.0177458234043417,0.000180288051988307,0.00502129489597298,44535,-3.7452244531387,-3.74546312117723,0.0177458234043417,3.74403305379609,1,1,1,1,1
"Diagnoses - secondary ICD10 (D042)",-0.0177443543177938,0.000180510867743891,0.00502129489597298,44535,-3.74491433993475,-3.74515295565382,0.0177443543177938,3.74349664606236,1,1,1,1,1
"Operation code (1510.0 - dilatation and curettage/d+c)",-0.0177336089211552,0.000182148507419897,0.00505851570359369,44535,-3.74264606740738,-3.7428843006901,0.0177336089211552,3.73957438314816,1,1,1,1,1
"Operative procedures - OPCS4 (X375 - X37.5 Intramuscular injection for local action)",-0.0177278753334192,0.000183028032856281,0.00506681839605246,44535,-3.74143575045208,-3.74167377984934,0.0177278753334192,3.7374823879613,1,1,1,1,1
"Diagnoses - secondary ICD10 (M707)",-0.0177277478799463,0.000183047629351022,0.00506681839605246,44535,-3.74140884599187,-3.74164687085828,0.0177277478799463,3.7374358912918,1,1,1,1,1
"Operative procedures - secondary OPCS4 (Z245 - Z24.5 Bronchus)",-0.0177197292527404,0.000184284499559934,0.00509270666950816,44535,-3.73971617492767,-3.7399539148633,0.0177197292527404,3.73451119239183,1,1,1,1,1
"Attendance/disability/mobility allowance (0.0)",-0.0177481851456083,0.000184602621465002,0.00509316219515778,44382,-3.73928281322435,-3.73952129964269,0.0177481851456083,3.73376213603112,1,1,1,1,1
"Diagnoses - main ICD10 (E103)",-0.0177113261647925,0.00018558910066885,0.00511202604370885,44535,-3.73794234764853,-3.73817978925036,0.0177113261647925,3.73144753274198,1,1,1,1,1
"Problems doing usual activities (0.0)",-0.0203503182740569,0.000186836212245855,0.00513799583676102,33702,-3.73628224119971,-3.73659564510508,0.0203503182740569,3.72853894580193,1,1,1,1,1
"Leg fat percentage (right) (2.0)",0.0199930995255122,0.000188081439173932,0.00516359558791189,34886,3.73460709457905,3.73490950156657,0.0199930995255122,3.72565406070731,1,1,1,1,1
"Time to press 'next' (left) (2.8)",-0.0180637332406037,0.000188547524345684,0.00516359558791189,42723,-3.73396614804079,-3.73421296501462,0.0180637332406037,3.7245791655658,1,1,1,1,1
"Operative procedures - secondary OPCS4 (Y705 - Y70.5 Temporary operations)",-0.0176916081399306,0.000188684541175104,0.00516359558791189,44535,-3.73378002622744,-3.73401676881989,0.0176916081399306,3.7242636798953,1,1,1,1,1
"Liking for potatoes (0.0)",0.0203185344682617,0.000189420369178265,0.00517534455271035,33745,3.73282445255697,3.73313669116355,0.0203185344682617,3.72257332128803,1,1,1,1,1
"Values entered (1.0)",0.0205737930614424,0.000190779241988292,0.00520405089010067,32881,3.73102664225538,3.73134667826595,0.0205737930614424,3.71946888110138,1,1,1,1,1
"Body mass index (BMI) (0.0)",-0.017688072807269,0.000191239821869958,0.0052082006327004,44472,-3.73039222506222,-3.73062873438848,0.017688072807269,3.718421669499,1,1,1,1,1
"Diagnoses - secondary ICD10 (Z370)",0.0176714186679869,0.000191904226483514,0.00521787900833195,44535,3.72951818901046,3.72975421738626,0.0176714186679869,3.71691546029186,1,1,1,1,1
"Liking for mushrooms (0.0)",0.0202903287017736,0.000194078713067139,0.0052685194053676,33728,3.72670204541485,3.72701308787929,0.0202903287017736,3.71202209626776,1,1,1,1,1
"Operative procedures - main OPCS4 (U201 - U20.1 Transthoracic echocardiography)",-0.0176517414037196,0.000195091853646243,0.0052875215871859,44535,-3.72536447769411,-3.72559981143733,0.0176517414037196,3.70976086484612,1,1,1,1,1
"Diagnoses - secondary ICD10 (H502)",-0.0176471865500909,0.000195836777252815,0.00529920510242594,44535,-3.72440298534906,-3.724638158506,0.0176471865500909,3.70810574635252,1,1,1,1,1
"Operative procedures - OPCS4 (H228 - H22.8 Other specified diagnostic endoscopic examination of colon)",-0.0176430744064733,0.000196511592662451,0.00530328667264377,44535,-3.72353494559906,-3.72376997384438,0.0176430744064733,3.70661182452098,1,1,1,1,1
"Operative procedures - OPCS4 (C651 - C65.1 Needling of bleb)",-0.0176417951442069,0.000196721968700091,0.00530328667264377,44535,-3.72326490386524,-3.7234998870423,0.0176417951442069,3.70614713803455,1,1,1,1,1
"Operative procedures - secondary OPCS4 (Y148 - Y14.8 Other specified placement of stent in organ NOC)",-0.0176405322325976,0.000196929863414133,0.00530328667264377,44535,-3.72299831363249,-3.72323325232331,0.0176405322325976,3.7056884203142,1,1,1,1,1
"Diagnoses - main ICD10 (E872)",-0.0176319552675189,0.000198347234975828,0.00532993906137013,44535,-3.72118778730365,-3.72142242402692,0.0176319552675189,3.70257384935222,1,1,1,1,1
"Diagnoses - secondary ICD10 (I652)",-0.0176307276592378,0.000198550883600936,0.00532993906137013,44535,-3.72092864940235,-3.72116324292788,0.0176307276592378,3.70212817587707,1,1,1,1,1
"Diagnoses - secondary ICD10 (K098)",-0.0176225806018917,0.000199907389542333,0.00535783535305126,44535,-3.71920887361887,-3.71944318060354,0.0176225806018917,3.6991711519642,1,1,1,1,1
"Diagnoses - main ICD10 (K720)",-0.0175882794639086,0.000205714685034233,0.00550474240380828,44535,-3.71196819519673,-3.71220129848214,0.0175882794639086,3.68673470489403,1,1,1,1,1
"Diagnoses - secondary ICD10 (D232)",-0.0175846439951275,0.000206339383848055,0.00551272230423166,44535,-3.71120077917715,-3.71143375514267,0.0175846439951275,3.68541787064318,1,1,1,1,1
"Diagnoses - secondary ICD10 (J9691)",-0.0175818682461794,0.000206817552280024,0.0055135757183562,44535,-3.71061484264541,-3.71084772143284,0.0175818682461794,3.6844126061251,1,1,1,1,1
"Diagnoses - secondary ICD10 (N641)",-0.0175806693666468,0.000207024400677396,0.0055135757183562,44535,-3.71036176959041,-3.71059460641431,0.0175806693666468,3.68397846393913,1,1,1,1,1
"Diagnoses - secondary ICD10 (I780)",-0.0175738127805055,0.000208211138468679,0.0055336761734195,44535,-3.70891440402223,-3.70914700095245,0.0175738127805055,3.68149604117471,1,1,1,1,1
"Diagnoses - secondary ICD10 (E114)",-0.0175676094862423,0.000209290306738846,0.0055336761734195,44535,-3.70760494297567,-3.70783732301953,0.0175676094862423,3.6792508855042,1,1,1,1,1
"Diagnoses - ICD10 (E114 - E11.4 With neurological complications)",-0.0175676094862423,0.000209290306738846,0.0055336761734195,44535,-3.70760494297567,-3.70783732301953,0.0175676094862423,3.6792508855042,1,1,1,1,1
"Diagnoses - secondary ICD10 (M9983)",-0.0175668787746713,0.000209417771679897,0.0055336761734195,44535,-3.70745069618656,-3.70768305069189,0.0175668787746713,3.67898646585195,1,1,1,1,1
"Diagnoses - ICD10 (M9983 - M99.83 Other biomechanical lesions (Lumbar region))",-0.0175668787746713,0.000209417771679897,0.0055336761734195,44535,-3.70745069618656,-3.70768305069189,0.0175668787746713,3.67898646585195,1,1,1,1,1
"Operation code (1461.0 - large bowel resection +/- colostomy)",-0.0175591259901316,0.000210774661127106,0.00556067082871969,44535,-3.70581415176743,-3.70604623543321,0.0175591259901316,3.67618160026271,1,1,1,1,1
"Operative procedures - secondary OPCS4 (Y493 - Y49.3 Thoracotomy approach NEC)",-0.0175559948901559,0.000211325002125392,0.00556067082871969,44535,-3.70515320431234,-3.70538517865797,0.0175559948901559,3.67504911798441,1,1,1,1,1
"Nitrogen oxides air pollution; 2010 (0.0)",-0.0176626122069815,0.000211427342140245,0.00556067082871969,43996,-3.70503138561496,-3.70526618176691,0.0176626122069815,3.67483884970229,1,1,1,1,1
"Operative procedures - OPCS4 (C331 - C33.1 Resection of medial rectus muscle of eye NEC)",-0.0175523970693417,0.000211959042857226,0.00556598513008439,44535,-3.70439373631438,-3.70462558508952,0.0175523970693417,3.67374805029549,1,1,1,1,1
"Diagnoses - ICD10 (E870 - E87.0 Hyperosmolality and hypernatraemia)",-0.0175492098703393,0.000212522211868799,0.0055721079928644,44535,-3.7037209470116,-3.70395268458778,0.0175492098703393,3.67259567272929,1,1,1,1,1
"Diagnoses - secondary ICD10 (J61)",-0.0175439835542578,0.000213448729234253,0.00557907398315845,44535,-3.70261771843044,-3.70284927374594,0.0175439835542578,3.67070642642197,1,1,1,1,1
"Diagnoses - ICD10 (J61 - J61 Pneumoconiosis due to asbestos and other mineral fibres)",-0.0175439835542578,0.000213448729234253,0.00557907398315845,44535,-3.70261771843044,-3.70284927374594,0.0175439835542578,3.67070642642197,1,1,1,1,1
"Diagnoses - secondary ICD10 (K590)",-0.0175405654626147,0.000214056736006902,0.00558631837322495,44535,-3.70189618996509,-3.70212762613406,0.0175405654626147,3.66947110109481,1,1,1,1,1
"Duration to entering symbol choice (1.9)",-0.0206023669642246,0.000216116116831957,0.00563135900109196,32238,-3.69949473468891,-3.69981391420377,0.0206023669642246,3.66531284445324,1,1,1,1,1
"Cheese intake (2.0)",0.0177747096307474,0.000218030164815605,0.00567247971172803,43260,3.69722989821206,3.6974673639224,0.0177747096307474,3.66148341691516,1,1,1,1,1
"Non-cancer illness code, self-reported (1249.0 - cranial nerve problem/palsy)",-0.017513050154142,0.000219010704651748,0.00568922422776117,44535,-3.69608795847285,-3.69631843709986,0.017513050154142,3.65953465749975,1,1,1,1,1
"Femur wards BMC (bone mineral content) (right) (2.0)",0.0217034344713228,0.000220029346896248,0.0057069055642752,28978,3.69494850829236,3.69530244920255,0.0217034344713228,3.65751939033641,1,1,1,1,1
"Diagnoses - main ICD10 (E739)",-0.0175005106986545,0.000221303884476307,0.00573115964629208,44535,-3.69344099526653,-3.69367103844569,0.0175005106986545,3.65501096297369,1,1,1,1,1
"Diagnoses - secondary ICD10 (W185)",-0.0174979273554644,0.00022177911062019,0.00573467118349451,44535,-3.69289567552998,-3.69312562907165,0.0174979273554644,3.65407936246829,1,1,1,1,1
"Diagnoses - secondary ICD10 (C719)",-0.0174812963888014,0.000224861516937337,0.00580548427138676,44535,-3.68938503422428,-3.68961441129092,0.0174812963888014,3.64808486386992,1,1,1,1,1
"Diagnoses - ICD10 (S801 - S80.1 Contusion of other and unspecified parts of lower leg)",-0.017477780553167,0.00022551827523801,0.00581355126319663,44535,-3.68864287451086,-3.68887212983978,0.017477780553167,3.64681825860453,1,1,1,1,1
"Treatment/medication code (1140881882.0 - timoptol 0.25% eye drops)",-0.0174708336187054,0.000226821259893875,0.00583822709345744,44535,-3.68717644249234,-3.68740545741408,0.0174708336187054,3.6443162415698,1,1,1,1,1
"Operative procedures - secondary OPCS4 (Z843 - Z84.3 Hip joint)",-0.0174645758340846,0.0002280010319794,0.00585301072202211,44535,-3.68585548377795,-3.68608428229389,0.0174645758340846,3.64206318728926,1,1,1,1,1
"Diagnoses - main ICD10 (C500)",-0.0174641109852817,0.000228088898732043,0.00585301072202211,44535,-3.68575735863588,-3.68598614108224,0.0174641109852817,3.64189585166653,1,1,1,1,1
"Femur wards BMD (bone mineral density) T-score (left) (2.0)",-0.0212566852318646,0.000231887561687974,0.00594145899711904,29991,-3.68158402603559,-3.68192275616089,0.0212566852318646,3.63472254603709,1,1,1,1,1
"Type of cancer: ICD10 (C711 - C71.1 Frontal lobe)",-0.0174396321980675,0.000232761094111205,0.00595480465767833,44535,-3.68059012272638,-3.68081806008032,0.0174396321980675,3.63308961003962,1,1,1,1,1
"Overall health rating (0.0)",0.01743755822275,0.000236165043154884,0.00602800834469213,44456,3.67688657303191,3.67711431004966,0.01743755822275,3.6267843856745,1,1,1,1,1
"Vascular/heart problems diagnosed by doctor (1.0 - Heart attack)",-0.0174212093302985,0.000236336483517097,0.00602800834469213,44535,-3.67670123591984,-3.67692853870876,0.0174212093302985,3.62646923068621,1,1,1,1,1
"Diagnoses - secondary ICD10 (K703)",-0.0174100778947087,0.000238521706922178,0.00606132926574172,44535,-3.67435150018662,-3.67457842016517,0.0174100778947087,3.62247209139308,1,1,1,1,1
"Diagnoses - ICD10 (K703 - K70.3 Alcoholic cirrhosis of liver)",-0.0174100778947087,0.000238521706922178,0.00606132926574172,44535,-3.67435150018662,-3.67457842016517,0.0174100778947087,3.62247209139308,1,1,1,1,1
"Diagnoses - secondary ICD10 (Z722)",-0.0174072554677494,0.000239078785370683,0.00606132926574172,44535,-3.67375571397242,-3.67398253696006,0.0174072554677494,3.62145895924688,1,1,1,1,1
"Diagnoses - ICD10 (Z722 - Z72.2 Drug use)",-0.0174072554677494,0.000239078785370683,0.00606132926574172,44535,-3.67375571397242,-3.67398253696006,0.0174072554677494,3.62145895924688,1,1,1,1,1
"Operative procedures - secondary OPCS4 (Z404 - Z40.4 Jugular body)",-0.017399346373472,0.00024064635824565,0.00609192467612865,44535,-3.67208618327248,-3.67231273462517,0.017399346373472,3.61862070621096,1,1,1,1,1
"Operative procedures - secondary OPCS4 (X368 - X36.8 Other specified blood withdrawal)",-0.0173792481526672,0.000244673294957475,0.00618459369065415,44535,-3.6678436519385,-3.66806951405948,0.0173792481526672,3.61141342944475,1,1,1,1,1
"Operative procedures - secondary OPCS4 (H229 - H22.9 Unspecified diagnostic endoscopic examination of colon)",-0.0173763733186006,0.000245254445736484,0.00619001691518765,44535,-3.66723680375756,-3.66746256741266,0.0173763733186006,3.61038311140439,1,1,1,1,1
"Diagnoses - ICD10 (T012 - T01.2 Open wounds involving multiple regions of upper limb(s))",-0.0173741916140214,0.000245696343540982,0.00619191456819326,44535,-3.6667762681899,-3.66700195713972,0.0173741916140214,3.60960130665297,1,1,1,1,1
"Diagnoses - main ICD10 (J00)",-0.017370916066056,0.000246361198680241,0.00619941704875688,44535,-3.66608483351403,-3.6663104103363,0.017370916066056,3.60842769149951,1,1,1,1,1
"Diagnoses - ICD10 (I479 - I47.9 Paroxysmal tachycardia, unspecified)",-0.017341647480077,0.000252377359184608,0.00633822314893083,44535,-3.65990653784091,-3.66013111449696,0.017341647480077,3.59794960831153,1,1,1,1,1
"Operative procedures - secondary OPCS4 (G448 - G44.8 Other specified other therapeutic fibreoptic endoscopic operations on upper gastrointestinal tract)",-0.0173404422501996,0.00025262802364409,0.00633822314893083,44535,-3.65965212641827,-3.65987666195649,0.0173404422501996,3.59751847547927,1,1,1,1,1
"Diagnoses - main ICD10 (I081)",-0.0173316354702348,0.000254466761834037,0.00637293809467593,44535,-3.65779310759296,-3.65801734283922,0.0173316354702348,3.59436893668587,1,1,1,1,1
"Duration of walks (2.0)",0.0175164306902951,0.000254766551016065,0.00637293809467593,43593,3.65749274157964,3.65772177321382,0.0175164306902951,3.59385759228147,1,1,1,1,1
"Operative procedures - OPCS4 (B371 - B37.1 Aspiration of lesion of breast)",-0.0173179652677256,0.000257345794839297,0.00642793453529813,44535,-3.65490747243354,-3.65513124211818,0.0173179652677256,3.58948292394775,1,1,1,1,1
"Diagnoses - ICD10 (G319 - G31.9 Degenerative disease of nervous system, unspecified)",-0.0173007624794215,0.000261012220895111,0.0065098838254268,44535,-3.65127614771906,-3.65149933250541,0.0173007624794215,3.58333915801399,1,1,1,1,1
"Attendance/disability/mobility allowance (2.0)",-0.0173926761385244,0.000261707970738377,0.00651760927126475,44049,-3.65059324039312,-3.65081877674542,0.0173926761385244,3.58218305001974,1,1,1,1,1
"Diagnoses - main ICD10 (M2106)",-0.0172951736063006,0.000262213877578038,0.00652059104993398,44535,-3.6500963968133,-3.65031939180968,0.0172951736063006,3.58134432715366,1,1,1,1,1
"Diagnoses - ICD10 (G540 - G54.0 Brachial plexus disorders)",-0.0172907088002005,0.000263177574695288,0.00653493139519108,44535,-3.64915392450979,-3.64937676796985,0.0172907088002005,3.57975111962122,1,1,1,1,1
"Diagnoses - secondary ICD10 (N319)",-0.0172479415890725,0.000272578310663182,0.00675842110946818,44535,-3.64012623592023,-3.64034763154012,0.0172479415890725,3.5645087043856,1,1,1,1,1
"Operative procedures - secondary OPCS4 (Z508 - Z50.8 Skin of specified site NEC)",-0.017239345863736,0.000274505344669873,0.00679622103335896,44535,-3.63831177431097,-3.63853287973624,0.017239345863736,3.56144919533762,1,1,1,1,1
"Diagnoses - ICD10 (M160 - M16.0 Primary coxarthrosis, bilateral)",-0.0172332190353852,0.00027588667415296,0.00681892680042294,44535,-3.63701846960758,-3.63723936835332,0.0172332190353852,3.55926927625733,1,1,1,1,1
"Diagnoses - secondary ICD10 (E161)",-0.0172317000657772,0.000276230141041711,0.00681892680042294,44535,-3.636697832213,-3.63691867973968,0.0172317000657772,3.55872893483088,1,1,1,1,1
"Diagnoses - secondary ICD10 (C676)",-0.0172295858512723,0.000276708870796855,0.0068207726765035,44535,-3.63625154534566,-3.63647232159582,0.0172295858512723,3.55797691792312,1,1,1,1,1
"External causes - ICD10 (Y434 - Y43.4 Immunosuppressive agents)",-0.0172216950862433,0.000278502481976356,0.00685497727138597,44535,-3.63458589401725,-3.63480640438972,0.0172216950862433,3.55517093009947,1,1,1,1,1
"Diagnoses - ICD10 (E162 - E16.2 Hypoglycaemia, unspecified)",-0.0172168871500275,0.000279600685772649,0.00687199065396096,44535,-3.63357099323598,-3.6337913417171,0.0172168871500275,3.55346176773711,1,1,1,1,1
"Femur wards BMD (bone mineral density) T-score (right) (2.0)",-0.0213317129953753,0.000280371786109965,0.00687705945498245,28998,-3.63289775783429,-3.63323601906454,0.0213317129953753,3.55226569167989,1,1,1,1,1
"Leg fat-free mass (right) (2.0)",0.0194474157387465,0.000280621496267865,0.00687705945498245,34886,3.63265012935521,3.63293124265348,0.0194474157387465,3.55187906405271,1,1,1,1,1
"Diagnoses - secondary ICD10 (N489)",-0.0172072443006201,0.000281815496798508,0.00689631110643885,44535,-3.63153549764645,-3.63175552168992,0.0172072443006201,3.55003512907963,1,1,1,1,1
"Operative procedures - OPCS4 (U211 - U21.1 Magnetic resonance imaging NEC)",-0.0171961925533102,0.000284374123066242,0.00694885248621345,44535,-3.62920260060094,-3.62942225321947,0.0171961925533102,3.54610992524481,1,1,1,1,1
"Diagnoses - main ICD10 (Z509)",-0.0171817257671086,0.00028775627550219,0.00702133628880706,44535,-3.62614882937109,-3.62636799646324,0.0171817257671086,3.54097519632978,1,1,1,1,1
"Frequency of loose/mushy/watery stools in the last 3 months (0.0)",0.0205387085141739,0.000290316106973574,0.00707357498737199,31126,3.62388941400361,3.62420249622159,0.0205387085141739,3.53712886848906,1,1,1,1,1
"Diagnoses - main ICD10 (T855)",-0.0171417446559648,0.000297300376256604,0.00723330958658899,44535,-3.61770928716385,-3.61792711638049,0.0171417446559648,3.52680454116148,1,1,1,1,1
"Diagnoses - secondary ICD10 (M169)",-0.0171291263211191,0.000300373591005404,0.00729756558867087,44535,-3.61504570752909,-3.61526311570468,0.0171291263211191,3.52233825337494,1,1,1,1,1
"Diagnoses - secondary ICD10 (S005)",-0.0171249185202839,0.000301405004513707,0.00731210273162924,44535,-3.61415749133284,-3.61437475923316,0.0171249185202839,3.52084954095754,1,1,1,1,1
"Diagnoses - main ICD10 (F101)",-0.0171184248639429,0.000303003236207296,0.00734032947397446,44535,-3.61278675875689,-3.6130038103042,0.0171184248639429,3.51855273301761,1,1,1,1,1
"Difficulty with washing whole body (0.0)",-0.0189074171625904,0.00030505256400092,0.00737938759764403,36470,-3.61105401634324,-3.61131873822165,0.0189074171625904,3.51562532036256,1,1,1,1,1
"Time to press last digit (left) (2.13)",-0.0174605923835964,0.000308352316519766,0.00744853914797747,42699,-3.60825074026802,-3.60847637998365,0.0174605923835964,3.51095278455575,1,1,1,1,1
"Systolic blood pressure, automated reading (0.0)",-0.0176878877528092,0.000311280194008188,0.00750852296546893,41552,-3.60579937274829,-3.60603082827383,0.0176878877528092,3.50684851152628,1,1,1,1,1
"Diagnoses - main ICD10 (S641)",-0.017073786568776,0.000314206347214711,0.00756829411229729,44535,-3.60336416098251,-3.60357972941292,0.017073786568776,3.50278504611819,1,1,1,1,1
"Diagnoses - secondary ICD10 (F101)",-0.0170659326730275,0.000316217157578429,0.00758685817170582,44535,-3.60170630120246,-3.60192160942951,0.0170659326730275,3.50001456944657,1,1,1,1,1
"Diagnoses - ICD10 (F101 - F10.1 Harmful use)",-0.0170659326730275,0.000316217157578429,0.00758685817170582,44535,-3.60170630120246,-3.60192160942951,0.0170659326730275,3.50001456944657,1,1,1,1,1
"Diagnoses - main ICD10 (L270)",-0.0170655126586222,0.000316325031263305,0.00758685817170582,44535,-3.60161764139416,-3.60183293571222,0.0170655126586222,3.49986644036565,1,1,1,1,1
"Diagnoses - secondary ICD10 (M7900)",-0.0170461510811526,0.000321335289109545,0.00769457273055922,44535,-3.5975306549834,-3.59774530882201,0.0170461510811526,3.49304157751736,1,1,1,1,1
"Diagnoses - secondary ICD10 (H353)",-0.0170446474870187,0.000321727470996435,0.00769457273055922,44535,-3.59721326521415,-3.59742786937048,0.0170446474870187,3.49251185488043,1,1,1,1,1
"Operative procedures - secondary OPCS4 (O161 - O16.1 Pelvis NEC)",-0.0170041049100244,0.000332472609717093,0.00794031119529437,44535,-3.58865524436951,-3.58886851197081,0.0170041049100244,3.47824412762014,1,1,1,1,1
"Diagnoses - secondary ICD10 (F419)",-0.0169878564513579,0.000336872517312144,0.00803402889098243,44535,-3.5852254053241,-3.58543813892543,0.0169878564513579,3.47253441812702,1,1,1,1,1
"Diagnoses - ICD10 (G960 - G96.0 Cerebrospinal fluid leak)",-0.0169824614450728,0.000338345433503254,0.00804715551706615,44535,-3.58408658983522,-3.58429914634109,0.0169824614450728,3.47063968061903,1,1,1,1,1
"Diagnoses - secondary ICD10 (S3600)",-0.0169823493601106,0.000338376098141366,0.00804715551706615,44535,-3.58406293016323,-3.58427548299094,0.0169823493601106,3.47060032179118,1,1,1,1,1
"Diagnoses - secondary ICD10 (R068)",-0.0169797677342542,0.000339083109380858,0.00805262771012067,44535,-3.58351798267904,-3.58373045080077,0.0169797677342542,3.46969384303048,1,1,1,1,1
"Contributory (secondary) causes of death: ICD10 (J449 - J44.9 Chronic obstructive pulmonary disease, unspecified)",-0.0169688063560039,0.00034210044253247,0.00811287355640555,44535,-3.58120417949488,-3.58141628822794,0.0169688063560039,3.46584636402223,1,1,1,1,1
"Mineral and other dietary supplements (2.0)",-0.0170326208601189,0.000344169681725637,0.00815049800271722,44163,-3.57962897415404,-3.57984262322857,0.0170326208601189,3.46322738978763,1,1,1,1,1
"Recent easy annoyance or irritability (0.0)",0.0215014984254049,0.000345156024002593,0.00816240821468317,27700,3.57892034439887,3.57926081306754,0.0215014984254049,3.46198454247485,1,1,1,1,1
"Non-cancer illness code, self-reported (1406.0 - muscle or soft tissue injuries)",-0.0169492984061695,0.000347532602704714,0.00820711607925748,44535,-3.57708630927161,-3.57729777946628,0.0169492984061695,3.45900444715852,1,1,1,1,1
"Forced expiratory volume in 1-second (FEV1) (0.2)",0.0209767395369105,0.000353741478870479,0.00834207384179892,28999,3.57248770937572,3.57281139561124,0.0209767395369105,3.45131401287854,1,1,1,1,1
"Diagnoses - main ICD10 (Z312)",-0.0169247283884752,0.000354489158215718,0.00834804663385272,44535,-3.5718999073429,-3.5721105752451,0.0169247283884752,3.45039704284788,1,1,1,1,1
"Albumin (0.0)",0.0182935886225527,0.000355183100722461,0.00835273907478936,38108,3.57139877225597,3.57164488292277,0.0182935886225527,3.44954770572446,1,1,1,1,1
"Diagnoses - ICD10 (R258 - R25.8 Other and unspecified abnormal involuntary movements)",-0.0169177320709594,0.000356493731554953,0.00837190077511179,44535,-3.57042307913255,-3.57063351897673,0.0169177320709594,3.44794810220771,1,1,1,1,1
"Diagnoses - secondary ICD10 (R410)",-0.0169097035591993,0.000358807107542694,0.00841452501508109,44535,-3.56872836907785,-3.56893854743327,0.0169097035591993,3.4451389626848,1,1,1,1,1
"Diagnoses - main ICD10 (M706)",-0.0169059717355451,0.000359887186369162,0.00842814860172441,44535,-3.56794063182341,-3.56815068871169,0.0169059717355451,3.4438336159429,1,1,1,1,1
"Mobility problems today (0.0)",-0.0194246017622353,0.000362204868975337,0.00846412412078339,33702,-3.56627855028773,-3.566555796091,0.0194246017622353,3.44104571593552,1,1,1,1,1
"Operative procedures - secondary OPCS4 (Y983 - Y98.3 Radiology of three body areas (or 20-40 minutes))",-0.016897241111971,0.000362425924745419,0.00846412412078339,44535,-3.56609771623264,-3.56630748914202,0.016897241111971,3.44078074429769,1,1,1,1,1
"Operative procedures - main OPCS4 (W461 - W46.1 Primary prosthetic replacement of head of femur using cement)",-0.0168703952958532,0.000370337599045473,0.00862503497914871,44535,-3.56043093391046,-3.56063983531637,0.0168703952958532,3.4314021933542,1,1,1,1,1
"Operative procedures - OPCS4 (W461 - W46.1 Primary prosthetic replacement of head of femur using cement)",-0.0168703952958532,0.000370337599045473,0.00862503497914871,44535,-3.56043093391046,-3.56063983531637,0.0168703952958532,3.4314021933542,1,1,1,1,1
"Liking for strawberries (0.0)",0.0193697987144495,0.000374700188800183,0.00871461802739818,33724,3.55737503786594,3.55765029583901,0.0193697987144495,3.42631608807819,1,1,1,1,1
"Diagnoses - ICD10 (Y95 - Y95 Nosocomial condition)",-0.0168531403641575,0.000375507692577126,0.00872037960485771,44535,-3.55678865800822,-3.55699700061853,0.0168531403641575,3.42538116169689,1,1,1,1,1
"Liking for beetroot (0.0)",0.0193728883195554,0.000376150731336298,0.00872037960485771,33694,3.556359583728,3.55663488107427,0.0193728883195554,3.42463808946088,1,1,1,1,1
"Frequency of walking for pleasure in last 4 weeks (2.0)",0.0185596029351635,0.000376497289425009,0.00872037960485771,36707,3.55611053515244,3.55636318673994,0.0185596029351635,3.42423814613526,1,1,1,1,1
"Standard PRS for schizophrenia (SCZ) (0.0)",-0.0170650857558438,0.000384539365220999,0.00889444819418708,43283,-3.55053881203209,-3.55075219763395,0.0170650857558438,3.41505919494404,1,1,1,1,1
"Operative procedures - secondary OPCS4 (X337 - X33.7 Autologous transfusion of red blood cells)",-0.0168215363283071,0.000385152580611814,0.00889644503916619,44535,-3.55011749144342,-3.55032481331469,0.0168215363283071,3.41436718791905,1,1,1,1,1
"Diagnoses - ICD10 (D181 - D18.1 Lymphangioma, any site)",-0.0168157480030913,0.000386943948737723,0.00892561280660717,44535,-3.54889565833576,-3.54910279364193,0.0168157480030913,3.41235194070958,1,1,1,1,1
"Operative procedures - main OPCS4 (A542 - A54.2 Injection of therapeutic substance into cerebrospinal fluid)",-0.0167915469652298,0.000394518336155722,0.00907553420434517,44535,-3.54378716610597,-3.54399352267042,0.0167915469652298,3.40393280714102,1,1,1,1,1
"Operative procedures - OPCS4 (A542 - A54.2 Injection of therapeutic substance into cerebrospinal fluid)",-0.0167915469652298,0.000394518336155722,0.00907553420434517,44535,-3.54378716610597,-3.54399352267042,0.0167915469652298,3.40393280714102,1,1,1,1,1
"Diagnoses - ICD10 (N319 - N31.9 Neuromuscular dysfunction of bladder, unspecified)",-0.0167636531001217,0.000403420274728668,0.00926768889631778,44535,-3.53789917612369,-3.53810463769552,0.0167636531001217,3.39424227919832,1,1,1,1,1
"Operative procedures - main OPCS4 (J185 - J18.5 Partial cholecystectomy NEC)",-0.0167520145896481,0.000407189732730234,0.00934157423525815,44535,-3.53544245715088,-3.53564754610851,0.0167520145896481,3.39020318124797,1,1,1,1,1
"Operative procedures - secondary OPCS4 (Z233 - Z23.3 Ethmoid sinus)",-0.0167433901593703,0.000410004190813298,0.00938197131466808,44535,-3.53362196694755,-3.53382678009788,0.0167433901593703,3.38721170416371,1,1,1,1,1
"Diagnoses - main ICD10 (M9078)",-0.0167432139620751,0.000410061879196034,0.00938197131466808,44535,-3.53358477429921,-3.53378958181752,0.0167432139620751,3.3871506023885,1,1,1,1,1
"Diagnoses - secondary ICD10 (F329)",-0.0166954467732585,0.000425983919329905,0.00973306965884364,44535,-3.52350183387268,-3.52370511859681,0.0166954467732585,3.37060679497733,1,1,1,1,1
"Cancer code, self-reported (1050.0 - multiple myeloma)",-0.0166676913208048,0.000435498790064854,0.00993265765362255,44535,-3.51764307962255,-3.51784548321445,0.0166676913208048,3.36101304724389,1,1,1,1,1
"Operative procedures - secondary OPCS4 (Z926 - Z92.6 Abdomen NEC)",-0.0166665457791206,0.000435895725278905,0.00993265765362255,44535,-3.51740127329685,-3.5176036405804,0.0166665457791206,3.36061738997953,1,1,1,1,1
"Operative procedures - main OPCS4 (U051 - U05.1 Computed tomography of head)",-0.0166644037283348,0.000436638861618765,0.00993618218117635,44535,-3.51694911916867,-3.51715141857151,0.0166644037283348,3.3598776139418,1,1,1,1,1
"Liking for raw carrots (0.0)",0.0191233794827035,0.000446449634570665,0.0101457632297788,33704,3.51106594529368,3.5113320972087,0.0191233794827035,3.35022752817924,1,1,1,1,1
"Operative procedures - OPCS4 (U202 - U20.2 Transoesophageal echocardiography)",-0.0166307676692007,0.000448464329925855,0.010176973551607,44535,-3.50984906625189,-3.51005030185887,0.0166307676692007,3.34827209427525,1,1,1,1,1
"Diagnoses - secondary ICD10 (K729)",-0.0166291838825702,0.000449028445125686,0.010176973551607,44535,-3.50951475353563,-3.5097159391508,0.0166291838825702,3.347726146369,1,1,1,1,1
"Central augmentation pressure during PWA (2.1)",-0.018245757308569,0.000451468446941245,0.0102055046051865,36962,-3.50808574728391,-3.50832789997175,0.018245757308569,3.34537259706289,1,1,1,1,1
"Nap during day (0.0)",-0.0166266672194626,0.000451528570024575,0.0102055046051865,44511,-3.50803783491811,-3.50823890815415,0.0166266672194626,3.34531476492641,1,1,1,1,1
"Frequency of drinking alcohol (0.0)",0.0210481604259313,0.000452100529741163,0.0102055046051865,27768,3.50773786516451,3.50806012249162,0.0210481604259313,3.34476498408818,1,1,1,1,1
"Date of chronic obstructive pulmonary disease report (0.0)",-0.0166170300910865,0.000453379489419971,0.0102207111867239,44535,-3.50694927783517,-3.50715008011218,0.0166170300910865,3.34353813095236,1,1,1,1,1
"Diagnoses - secondary ICD10 (N085)",-0.0165997053685812,0.000459649770835581,0.0103344692151249,44535,-3.50329230108933,-3.50349255783006,0.0165997053685812,3.33757295207043,1,1,1,1,1
"Diagnoses - ICD10 (N085 - N08.5 Glomerular disorders in systemic connective tissue disorders)",-0.0165997053685812,0.000459649770835581,0.0103344692151249,44535,-3.50329230108933,-3.50349255783006,0.0165997053685812,3.33757295207043,1,1,1,1,1
"Interval between previous point and current one in numeric path (trail #1) (1.22)",-0.0192921411239373,0.000460361544139045,0.0103367083414731,32963,-3.50290145638183,-3.50317194482087,0.0192921411239373,3.33690096190095,1,1,1,1,1
"Gynoid tissue fat percentage (2.0)",0.0202081082270719,0.000462501861116063,0.0103709746679213,30021,3.50167361270542,3.50197034055849,0.0202081082270719,3.33488651531239,1,1,1,1,1
"Duration to entering symbol choice (1.8)",-0.0194378012662659,0.000464930825778103,0.0104116140494208,32422,-3.50027083953397,-3.50054530387822,0.0194378012662659,3.33261165833076,1,1,1,1,1
"Interval between previous point and current one in numeric path (trail #1) (1.23)",-0.0192678003610471,0.000468060226830191,0.01046059225882,32963,-3.49848077461719,-3.49875037413184,0.0192678003610471,3.32969826124822,1,1,1,1,1
"Interval between previous point and current one in alphanumeric path (trail #2) (1.12)",-0.0202924296833177,0.000468356988313174,0.01046059225882,29715,-3.49832066274393,-3.49861969899116,0.0202924296833177,3.32942299531605,1,1,1,1,1
"Diagnoses - secondary ICD10 (M4786)",-0.0165699533604375,0.000470606969661419,0.0104969599507702,44535,-3.49701212448837,-3.49721144682635,0.0165699533604375,3.32734164523675,1,1,1,1,1
"Diagnoses - ICD10 (C500 - C50.0 Nipple and areola)",-0.0165248762574589,0.000487673286004827,0.0108632762984057,44535,-3.48749707545366,-3.48769498798461,0.0165248762574589,3.31187103374296,1,1,1,1,1
"Operative procedures - OPCS4 (W823 - W82.3 Endoscopic repair of semilunar cartilage)",-0.0165020832754579,0.000496520835265401,0.0110457895961216,44535,-3.48268585016094,-3.48288305253208,0.0165020832754579,3.30406252269541,1,1,1,1,1
"Cancer code, self-reported (1022.0 - colon cancer/sigmoid cancer)",-0.0164825508228156,0.00050422159338268,0.0112023442161402,44535,-3.4785628721093,-3.47875946734976,0.0164825508228156,3.29737855952007,1,1,1,1,1
"Diagnoses - ICD10 (R33 - R33 Retention of urine)",-0.0164780726479693,0.000506002754897944,0.011226056124737,44535,-3.47761760375872,-3.47781405999054,0.0164780726479693,3.29584711866669,1,1,1,1,1
"Diagnoses - secondary ICD10 (J450)",-0.0164765277596076,0.000506618582591031,0.011226056124737,44535,-3.4772915035106,-3.47748791180317,0.0164765277596076,3.2953188844848,1,1,1,1,1
"Operative procedures - OPCS4 (X337 - X33.7 Autologous transfusion of red blood cells)",-0.0164648420246441,0.000511299463090524,0.0113149297959155,44535,-3.47482483968254,-3.47502088562543,0.0164648420246441,3.29132466332069,1,1,1,1,1
"Operative procedures - OPCS4 (W838 - W83.8 Other specified therapeutic endoscopic operations on other articular cartilage)",-0.0164607200489513,0.000512960172401166,0.0113368226583687,44535,-3.47395475956126,-3.47415067780383,0.0164607200489513,3.28991635336357,1,1,1,1,1
"Liking for fresh tomatoes (0.0)",0.018906084000411,0.000515983135480334,0.0113887258073012,33728,3.47239654218176,3.47265494116365,0.018906084000411,3.28736449272845,1,1,1,1,1
"Job involves mainly walking or standing (0.0)",0.0191922860640609,0.000519407396207415,0.0114493392754076,32696,3.47062289347093,3.47088909533967,0.0191922860640609,3.28449187043795,1,1,1,1,1
"Mineral and other dietary supplements (0.0)",-0.0165223253378609,0.000531896335092237,0.0117017445010952,43956,-3.46421593188245,-3.46441298693404,0.0165223253378609,3.27417300207405,1,1,1,1,1
"Diagnoses - main ICD10 (I7080)",-0.0164137462746978,0.000532243990337052,0.0117017445010952,44535,-3.46403938987199,-3.46423385701879,0.0164137462746978,3.27388923355933,1,1,1,1,1
"Operative procedures - OPCS4 (M293 - M29.3 Endoscopic removal of tubal prosthesis from ureter)",-0.016411441125902,0.000533207477223007,0.0117076830336937,44535,-3.463552812322,-3.46374720845615,0.016411441125902,3.27310376905952,1,1,1,1,1
"Diagnoses - ICD10 (M8098 - M80.98 Unspecified osteoporosis with pathological fracture (Other))",-0.0164039553643711,0.000536347532881083,0.0117548593372656,44535,-3.46197269613742,-3.4621668617914,0.0164039553643711,3.27055371272703,1,1,1,1,1
"Diagnoses - ICD10 (F329 - F32.9 Depressive episode, unspecified)",-0.0164030026808043,0.000536748389045411,0.0117548593372656,44535,-3.46177160096388,-3.46196573729947,0.0164030026808043,3.27022925034721,1,1,1,1,1
"Diagnoses - secondary ICD10 (B977)",-0.0164010911751924,0.000537553526274381,0.0117572426051074,44535,-3.46136811490815,-3.46156219242757,0.0164010911751924,3.26957828488546,1,1,1,1,1
"Liking for butternut squash (0.0)",0.0193666440790278,0.000549619508497584,0.0120055956028224,31829,3.4554109541315,3.45568130286814,0.0193666440790278,3.25993786058736,1,1,1,1,1
"Operative procedures - secondary OPCS4 (D021 - D02.1 Excision of lesion of external ear)",-0.0163696479882051,0.000550960122139375,0.0120179042086263,44535,-3.45473100096016,-3.45492411280226,0.0163696479882051,3.25887983374633,1,1,1,1,1
"Treatment/medication code (1140881702.0 - adalate 10mg capsule)",-0.016368150078861,0.000551606500543997,0.0120179042086263,44535,-3.45441481832771,-3.45460788425164,0.016368150078861,3.25837062441469,1,1,1,1,1
"Diagnoses - secondary ICD10 (S832)",-0.0163206581050131,0.00057247022769045,0.0124563914878264,44535,-3.44439009597817,-3.44458171006214,0.0163206581050131,3.24224709464042,1,1,1,1,1
"Underlying (primary) cause of death: ICD10 (J841 - J84.1 Other interstitial pulmonary diseases with fibrosis)",-0.0163169185009333,0.000574143899925363,0.0124767306952893,44535,-3.4436007318356,-3.4437922319296,0.0163169185009333,3.24097924503896,1,1,1,1,1
"Diagnoses - ICD10 (K429 - K42.9 Umbilical hernia without obstruction or gangrene)",-0.0162842475331288,0.000588960885778864,0.0127822680673215,44535,-3.43670447367003,-3.43689497994191,0.0162842475331288,3.22991354673152,1,1,1,1,1
"Diagnoses - ICD10 (N200 - N20.0 Calculus of kidney)",-0.016261649377873,0.00059941705474061,0.0129924993187358,44535,-3.43193441074091,-3.43212423174529,0.016261649377873,3.22227090457628,1,1,1,1,1
"External causes - ICD10 (Y95 - Y95 Nosocomial condition)",-0.0162553065686414,0.00060238277627906,0.0130400425352204,44535,-3.43059555875976,-3.43078518773988,0.0162553065686414,3.22012745426071,1,1,1,1,1
"Operative procedures - OPCS4 (E491 - E49.1 Diagnostic fibreoptic endoscopic examination of lower respiratory tract and biopsy of lesion of lower respiratory tract)",-0.0162347419445301,0.000612092401315527,0.013233265296047,44535,-3.42625474151532,-3.42644374886503,0.0162347419445301,3.21318301191924,1,1,1,1,1
"Operative procedures - secondary OPCS4 (T272 - T27.2 Repair of ventral hernia using insert of prosthetic material)",-0.0162304116845615,0.000614155415990143,0.0132600825898688,44535,-3.42534070294882,-3.42552957958772,0.0162304116845615,3.21172171393048,1,1,1,1,1
"Non-cancer illness code, self-reported (1220.0 - diabetes)",-0.0162288449175733,0.000614903444943277,0.0132600825898688,44535,-3.42500998716612,-3.4251988165273,0.0162288449175733,3.21119307385133,1,1,1,1,1
"Operative procedures - OPCS4 (S628 - S62.8 Other specified other operations on subcutaneous tissue)",-0.0162268148681184,0.000615873921880455,0.0132640703711116,44535,-3.42458148097455,-3.42477024909084,0.0162268148681184,3.2105081849716,1,1,1,1,1
"Diagnoses - ICD10 (Z115 - Z11.5 Special screening examination for other viral diseases)",-0.0162232277643441,0.000617592242552142,0.013284133777698,44535,-3.42382430925479,-3.42401296918565,0.0162232277643441,3.20929816772083,1,1,1,1,1
"Operative procedures - main OPCS4 (U264 - U26.4 Urodynamics NEC)",-0.0161928661583471,0.000632315969812592,0.0135835307255542,44535,-3.41741553543161,-3.41760328143538,0.0161928661583471,3.19906584947905,1,1,1,1,1
"Values wanted (1.0)",0.0188307900026162,0.000638329669105883,0.0136952941078181,32881,3.41485743356654,3.41511123710726,0.0188307900026162,3.19495496940457,1,1,1,1,1
"Diagnoses - main ICD10 (L97)",-0.0161771980841331,0.000640041240887525,0.0137145892796775,44535,-3.41410829703958,-3.414295572646,0.0161771980841331,3.19379204146481,1,1,1,1,1
"Diagnoses - secondary ICD10 (D233)",-0.0161646313400391,0.000646300721004514,0.0138180131784671,44535,-3.41145569283483,-3.41164259176035,0.0161646313400391,3.18956535958389,1,1,1,1,1
"Diagnoses - ICD10 (R798 - R79.8 Other specified abnormal findings of blood chemistry)",-0.0161642239037233,0.000646504614213149,0.0138180131784671,44535,-3.41136969068106,-3.41155657740295,0.0161642239037233,3.18942837113911,1,1,1,1,1
"Current employment status (0.0)",-0.0161774002029948,0.000647731875422817,0.0138267417402203,44449,-3.41085267081057,-3.41103984565745,0.0161774002029948,3.18860473042857,1,1,1,1,1
"Anterior thigh muscle fat infiltration (MFI) (left) (2.0)",-0.0179901686615039,0.000655320058529226,0.0139702424846362,35875,-3.40768850731348,-3.4079198643012,0.0179901686615039,3.18354653862827,1,1,1,1,1
"Operative procedures - main OPCS4 (G211 - G21.1 Intubation of oesophagus for pH manometry)",-0.016145165530004,0.000656109108102844,0.0139702424846362,44535,-3.40734682721118,-3.40753314372466,0.016145165530004,3.18302393332737,1,1,1,1,1
"Treatment/medication code (1141152848.0 - quetiapine)",-0.0161190458983292,0.000669487769960093,0.0142371549065191,44535,-3.40183346930314,-3.4020190063539,0.0161190458983292,3.17425735216558,1,1,1,1,1
"Index of Multiple Deprivation (England) (0.0)",-0.0169446555131475,0.000672760608438016,0.0142887583314162,40269,-3.40050610475808,-3.40071109185304,0.0169446555131475,3.1721394453297,1,1,1,1,1
"Diagnoses - main ICD10 (K073)",-0.0160781217255918,0.000690960349666463,0.0146568662112038,44535,-3.39319516343503,-3.39337948389498,0.0160781217255918,3.16054687363178,1,1,1,1,1
"Operative procedures - main OPCS4 (C601 - C60.1 Trabeculectomy)",-0.0160744517648243,0.000692916897936272,0.0146799270033299,44535,-3.39242050584858,-3.39260471748632,0.0160744517648243,3.1593188475409,1,1,1,1,1
"Arms total mass (2.0)",0.0195674893023717,0.000697504960133284,0.0147586105912913,30021,3.39063795644396,3.39091086737746,0.0195674893023717,3.15645269966604,1,1,1,1,1
"Diagnoses - ICD10 (B977 - B97.7 Papillomavirus as the cause of diseases classified to other chapters)",-0.0160595410431835,0.000700919255120518,0.0148122923938798,44535,-3.38927314245147,-3.38945691242457,0.0160595410431835,3.15433200924498,1,1,1,1,1
"Treatment/medication code (1141194800.0 - bendroflumethiazide+potassium 2.5mg/7.7mmol m/r tablet)",-0.0160536282028122,0.00070411630096708,0.0148612546772864,44535,-3.38802505724275,-3.38820865228278,0.0160536282028122,3.15235560123195,1,1,1,1,1
"Diagnoses - ICD10 (C851 - C85.1 B-cell lymphoma, unspecified)",-0.0160435866821706,0.00070957676947622,0.014931405552627,44535,-3.38590548874631,-3.38608878697669,0.0160435866821706,3.14900061112086,1,1,1,1,1
"Diagnoses - secondary ICD10 (K219)",-0.0160414352269463,0.000710751813763705,0.014931405552627,44535,-3.38545135874098,-3.38563459342261,0.0160414352269463,3.14828202336237,1,1,1,1,1
"Diagnoses - secondary ICD10 (I48)",-0.0160412970934593,0.000710827318834439,0.014931405552627,44535,-3.38542220147189,-3.38560543207393,0.0160412970934593,3.14823588954561,1,1,1,1,1
"Diagnoses - secondary ICD10 (G258)",-0.0160397635376371,0.000711666075755988,0.014931405552627,44535,-3.38509849793322,-3.38528168324802,0.0160397635376371,3.14772373596193,1,1,1,1,1
"Diagnoses - ICD10 (J450 - J45.0 Predominantly allergic asthma)",-0.0160385874209888,0.000712309959262897,0.014931405552627,44535,-3.38485024280034,-3.38503339338881,0.0160385874209888,3.14733098346298,1,1,1,1,1
"Diagnoses - ICD10 (I48 - I48 Atrial fibrillation and flutter)",-0.0160377918708406,0.000712745802512134,0.014931405552627,44535,-3.384682317789,-3.38486544489049,0.0160377918708406,3.14706533164907,1,1,1,1,1
"Liking for pasta (0.0)",0.0184042885028202,0.00072514331781821,0.0151722985394801,33723,3.37996230768404,3.38020328345802,0.0184042885028202,3.13957615068913,1,1,1,1,1
"Diagnoses - ICD10 (H318 - H31.8 Other specified disorders of choroid)",-0.015987950322174,0.000740550877071026,0.0154754969793865,44535,-3.37416175431197,-3.37434341421523,0.015987950322174,3.13044509936805,1,1,1,1,1
"Non-cancer illness code, self-reported (1570.0 - rubella / german measles)",0.0159684842532698,0.000751681408153285,0.0156886780922969,44535,3.37005285737954,3.37023394653472,0.0159684842532698,3.1239661913214,1,1,1,1,1
"Non-cancer illness code, self-reported (1609.0 - glomerulnephritis)",-0.0159602761416049,0.000756421135334209,0.015768112185331,44535,-3.3683202903114,-3.36850113918667,0.0159602761416049,3.12123634493701,1,1,1,1,1
"Diagnoses - main ICD10 (D232)",-0.0159476083054126,0.000763790596479105,0.0159021013829219,44535,-3.36564636610161,-3.36582684459107,0.0159476083054126,3.11702569281053,1,1,1,1,1
"Operative procedures - main OPCS4 (C794 - C79.4 Injection into vitreous body NEC)",-0.0159456844743234,0.000764915590096864,0.0159059110083566,44535,-3.36524028433286,-3.36542070662008,0.0159456844743234,3.11638648743169,1,1,1,1,1
"Treatment/medication code (1140928274.0 - ropinirole)",-0.0159404375052327,0.000767991670780939,0.0159502329165266,44535,-3.36413275558083,-3.36431302464802,0.0159404375052327,3.11464349006418,1,1,1,1,1
"Recent feelings of depression (0.0)",0.020189146621718,0.000775070238003107,0.0160774704774969,27720,3.36163138523324,3.36192046533333,0.020189146621718,3.11065893930663,1,1,1,1,1
"Diagnoses - ICD10 (O701 - O70.1 Second degree perineal laceration during delivery)",0.0159243838095814,0.000777474757639973,0.0161075598561361,44535,3.36074414719277,3.36092394804145,0.0159243838095814,3.10931370235981,1,1,1,1,1
"Diagnoses - main ICD10 (H010)",-0.0159199421963637,0.00078011759730405,0.0161411505529123,44535,-3.35980661335522,-3.35998628481392,0.0159199421963637,3.10783992550096,1,1,1,1,1
"Operative procedures - main OPCS4 (K607 - K60.7 Implantation of intravenous biventricular cardiac pacemaker system)",-0.0159168474704589,0.000781963941503242,0.0161411505529123,44535,-3.3591533799998,-3.35933296134432,0.0159168474704589,3.1068132729852,1,1,1,1,1
"Operative procedures - OPCS4 (K607 - K60.7 Implantation of intravenous biventricular cardiac pacemaker system)",-0.0159168474704589,0.000781963941503242,0.0161411505529123,44535,-3.3591533799998,-3.35933296134432,0.0159168474704589,3.1068132729852,1,1,1,1,1
"Operative procedures - secondary OPCS4 (E138 - E13.8 Other specified other operations on maxillary antrum)",-0.0159093706694297,0.000786441425820442,0.0162137527167011,44535,-3.35757518045896,-3.35775454422213,0.0159093706694297,3.10433361810143,1,1,1,1,1
"Triplet correct (left) (2.14)",-0.0162408773597534,0.000791075557318475,0.0162894033967347,42694,-3.35595276285248,-3.35613962849374,0.0162408773597534,3.1017820341264,1,1,1,1,1
"Diagnoses - secondary ICD10 (D333)",-0.0158868855699311,0.000800050425490367,0.0164541430382519,44535,-3.35282903880668,-3.35300774936571,0.0158868855699311,3.09688263948048,1,1,1,1,1
"Treatment/medication code (1140868080.0 - cyclizine)",-0.0158821510339046,0.000802943693066306,0.0164935574907842,44535,-3.35182967614355,-3.35200824937807,0.0158821510339046,3.09531490882841,1,1,1,1,1
"Liking for brown rice (0.0)",0.0183628856471634,0.000804271585582029,0.0165007602947176,33305,3.3513895344757,3.35162824621295,0.0183628856471634,3.09459727438202,1,1,1,1,1
"Liking for white wine (0.0)",0.0182958221461633,0.000811065595907194,0.0166199545957439,33503,3.34905900017452,3.3492958757681,0.0182958221461633,3.09094402027898,1,1,1,1,1
"Diagnoses - ICD10 (G629 - G62.9 Polyneuropathy, unspecified)",-0.0158627088788836,0.00081492685876993,0.0166788363761579,44535,-3.34772584078346,-3.3479038508894,0.0158627088788836,3.08888136826377,1,1,1,1,1
"Total tissue fat percentage (2.0)",0.0193147256337053,0.000817642876896597,0.0167141646203378,30021,3.34682831440465,3.34709221394584,0.0193147256337053,3.08743634236673,1,1,1,1,1
"Diagnoses - ICD10 (I421 - I42.1 Obstructive hypertrophic cardiomyopathy)",-0.0158474386074947,0.000824454796598094,0.0168330341481969,44535,-3.34450260523687,-3.34468017393804,0.0158474386074947,3.08383315096693,1,1,1,1,1
"Time to press 'next' (left) (2.13)",-0.0161729352059173,0.000832197064281115,0.0169626766742774,42694,-3.3419110023021,-3.34209585896738,0.0161729352059173,3.07977382058917,1,1,1,1,1
"Operative procedures - secondary OPCS4 (G451 - G45.1 Fibreoptic endoscopic examination of upper gastrointestinal tract and biopsy of lesion of upper gastrointestinal tract)",-0.0158341761842269,0.00083281367858904,0.0169626766742774,44535,-3.34170318578407,-3.34188037175298,0.0158341761842269,3.07945215034796,1,1,1,1,1
"Cystatin C (0.0)",-0.0163502484350814,0.000836037612462259,0.0170078254053316,41741,-3.34063385353814,-3.34082274498648,0.0163502484350814,3.07777418366462,1,1,1,1,1
"Diagnoses - main ICD10 (R042)",-0.0158123888703979,0.000846716362080094,0.0171881208699257,44535,-3.33710434324424,-3.33728090174297,0.0158123888703979,3.07226204777241,1,1,1,1,1
"Currently suffering from back pain (0.0)",-0.0174888371814611,0.000846936130516919,0.0171881208699257,36404,-3.33704355764056,-3.33725954524927,0.0174888371814611,3.07214933962199,1,1,1,1,1
"Anterior thigh muscle fat infiltration (MFI) (right) (2.0)",-0.0175726475957556,0.000853810584761035,0.0173068328015487,36009,-3.33479657941534,-3.33501455809167,0.0175726475957556,3.06863846551378,1,1,1,1,1
"Sports and social activities attended virtually at least once a week (0.0)",-0.0181637300720881,0.000856904864580708,0.0173487273842269,33683,-3.333794674653,-3.33402752742629,0.0181637300720881,3.06706739170701,1,1,1,1,1
"Operative procedures - OPCS4 (W903 - W90.3 Injection of therapeutic substance into joint)",-0.0157892863589431,0.000861693193634836,0.0174247779335619,44535,-3.33222789368014,-3.33240378856305,0.0157892863589431,3.06464733745771,1,1,1,1,1
"Diagnoses - ICD10 (R522 - R52.2 Other chronic pain)",-0.0157705113837121,0.000874045113973298,0.0176534111835396,44535,-3.32826489773479,-3.32844025462083,0.0157705113837121,3.05846615061044,1,1,1,1,1
"Someone to take to doctor when needed as a child (0.0)",0.0181054898693617,0.00087683785269988,0.0176886584741188,33770,3.32739209565106,3.32762320195989,0.0181054898693617,3.05708071015551,1,1,1,1,1
"Operative procedures - main OPCS4 (C151 - C15.1 Correction of ectropion NEC)",-0.0157566527440679,0.000883267696963345,0.0177971062806994,44535,-3.32533963664833,-3.32551459716838,0.0157566527440679,3.05390765237426,1,1,1,1,1
"Diagnoses - ICD10 (N288 - N28.8 Other specified disorders of kidney and ureter)",-0.015718080117861,0.000909413928662538,0.0183020908050858,44535,-3.31719779068429,-3.31737165136611,0.015718080117861,3.04123839838805,1,1,1,1,1
"Operative procedures - secondary OPCS4 (Z282 - Z28.2 Caecum)",-0.0157030708439449,0.000919780338359372,0.0184886797776167,44535,-3.31402966071035,-3.31420309476179,0.0157030708439449,3.03631587833808,1,1,1,1,1
"Operative procedures - OPCS4 (U264 - U26.4 Urodynamics NEC)",-0.0156961989760788,0.000924562958072017,0.0185627176540381,44535,-3.31257915995984,-3.31275239893161,0.0156961989760788,3.03406351023514,1,1,1,1,1
"Diagnoses - main ICD10 (M2330)",-0.015683479214083,0.000933476391081047,0.0187194167023794,44535,-3.30989429770602,-3.31006717600022,0.015683479214083,3.02989666148875,1,1,1,1,1
"Operative procedures - OPCS4 (T872 - T87.2 Excision or biopsy of cervical lymph node NEC)",-0.0156803479144522,0.000935682842101399,0.0187414054435138,44535,-3.3092333493254,-3.30940613891166,0.0156803479144522,3.02887133423913,1,1,1,1,1
"Operative procedures - main OPCS4 (K262 - K26.2 Xenograft replacement of aortic valve)",-0.0156747819618545,0.000939616787576715,0.0187979022016977,44535,-3.30805849949048,-3.30823113147666,0.0156747819618545,3.02704923254279,1,1,1,1,1
"Summed days activity (2.0)",0.0171547016143087,0.000951176870772235,0.0190066526189221,37105,3.30464213817242,3.30484879257193,0.0171547016143087,3.02173871875324,1,1,1,1,1
"Diagnoses - secondary ICD10 (E668)",-0.01565311494243,0.000955077133855933,0.0190620300297369,44535,-3.30348507151348,-3.30365709097389,0.01565311494243,3.01996155254688,1,1,1,1,1
"Diagnoses - secondary ICD10 (F200)",-0.015647428386755,0.000959173589076239,0.0191211877822341,44535,-3.30228476605543,-3.30245662501435,0.015647428386755,3.0181027880789,1,1,1,1,1
"Maximum carotid IMT (intima-medial thickness) at 210 degrees  (2.0)",0.0185889018192918,0.000967801236189296,0.0192704290955852,31507,3.29979236694863,3.30003482667218,0.0185889018192918,3.01421382749517,1,1,1,1,1
"Diagnoses - secondary ICD10 (D649)",-0.0156297637969826,0.000972002745149536,0.0193312913449351,44535,-3.29855616530259,-3.29872752636474,0.0156297637969826,3.01233250852886,1,1,1,1,1
"Diagnoses - ICD10 (L031 - L03.1 Cellulitis of other parts of limb)",-0.0156166532325299,0.000981627009084177,0.019499731821631,44535,-3.29578881901282,-3.29595981120469,0.0156166532325299,3.00805350067343,1,1,1,1,1
"Operative procedures - secondary OPCS4 (C909 - C90.9 Unspecified local anaesthetics for ophthalmology procedures)",-0.0155982681024672,0.000995271931462792,0.0197475517776137,44535,-3.29190813205832,-3.29207860793307,0.0155982681024672,3.00205824367772,1,1,1,1,1
"Treatment/medication code (1141152998.0 - irbesartan)",-0.015596585831636,0.000996529193979363,0.0197492904229361,44535,-3.29155304267895,-3.29172347136542,0.015596585831636,3.00150997383412,1,1,1,1,1
"Operative procedures - secondary OPCS4 (Y809 - Y80.9 Unspecified general anaesthetic)",-0.0155898653500197,0.00100156649910411,0.0198258503368967,44535,-3.29013450097374,-3.2903047412414,0.0155898653500197,2.99932021038918,1,1,0,1,1
"Diagnoses - secondary ICD10 (I801)",-0.0155799441471881,0.00100904598652067,0.019929439087894,44535,-3.28804035993831,-3.28821032232196,0.0155799441471881,2.99608904066392,1,1,0,1,1
"Age started wearing glasses or contact lenses (0.0)",-0.0170242071120703,0.00100916022624515,0.019929439087894,37298,-3.28801781115238,-3.28822075140639,0.0170242071120703,2.99603987454631,1,1,0,1,1
"Diagnoses - ICD10 (Y434 - Y43.4 Immunosuppressive agents)",-0.015521312688561,0.00105431350715066,0.02079682659841,44535,-3.27566460121941,-3.27583292799463,0.015521312688561,2.97703022955957,1,1,0,1,1
"Diagnoses - ICD10 (I728 - I72.8 Aneurysm of other specified arteries)",-0.0155162061338827,0.00105834377565915,0.0208519657549646,44535,-3.27458672549441,-3.27475491034911,0.0155162061338827,2.97537324003141,1,1,0,1,1
"Treatment/medication code (1140863182.0 - nitrazepam)",-0.0154698181541567,0.00109561304943759,0.0215611029600858,44535,-3.26479530241097,-3.26496220196926,0.0154698181541567,2.960342803668,1,1,0,1,1
"Liking for ham (0.0)",0.0178597032768743,0.00109881195761064,0.0215693802989351,33396,3.26398489153188,3.26420732406564,0.0178597032768743,2.95907662309925,1,1,0,1,1
"Operative procedures - main OPCS4 (W823 - W82.3 Endoscopic repair of semilunar cartilage)",-0.0154657298940116,0.00109895519237474,0.0215693802989351,44535,-3.26393236650174,-3.26409915312189,0.0154657298940116,2.95902001467488,1,1,0,1,1
"Operation code (1432.0 - thyroidectomy/partial thyroidectomy)",-0.0154646178169604,0.00109986594239758,0.0215693802989351,44535,-3.26369763311638,-3.26386438902484,0.0154646178169604,2.95866024577355,1,1,0,1,1
"Diagnoses - secondary ICD10 (G629)",-0.0154582789921307,0.00110507054700136,0.0216248377386593,44535,-3.26235965600551,-3.26252623693494,0.0154582789921307,2.95660999601016,1,1,0,1,1
"Diagnoses - secondary ICD10 (N183)",-0.0154580545399002,0.00110525525427675,0.0216248377386593,44535,-3.2623122794137,-3.2624788541497,0.0154580545399002,2.95653741182315,1,1,0,1,1
"Diagnoses - main ICD10 (S7200)",-0.0154516795627778,0.00111051331524703,0.0217025663517895,44535,-3.26096667167641,-3.2611330705724,0.0154516795627778,2.95447622981822,1,1,0,1,1
"Operative procedures - secondary OPCS4 (Y667 - Y66.7 Harvest of bone marrow)",-0.0154481636649157,0.00111342310277373,0.0217342764050109,44535,-3.26022454844169,-3.26039085041595,0.0154481636649157,2.95333977161984,1,1,0,1,1
"Central augmentation pressure during PWA (2.0)",-0.0165855620243342,0.00111721660898818,0.0217831436983433,38613,-3.25926685680109,-3.25945852246851,0.0165855620243342,2.95186261652787,1,1,0,1,1
"Minimum carotid IMT (intima-medial thickness) at 120 degrees  (2.0)",0.0183729578322322,0.00112234059274554,0.0218578095830548,31440,3.25798065005574,3.25821581155015,0.0183729578322322,2.94987532926196,1,1,0,1,1
"Operative procedures - OPCS4 (C601 - C60.1 Trabeculectomy)",-0.0154292086497287,0.00112923225310785,0.0219589973731757,44535,-3.25622359253958,-3.25638937268119,0.0154292086497287,2.94721672603812,1,1,0,1,1
"Diagnoses - main ICD10 (Z110)",-0.0154281309181262,0.00113013732409178,0.0219589973731757,44535,-3.25599610892958,-3.25616185943638,0.0154281309181262,2.94686878176282,1,1,0,1,1
"Summed minutes activity (2.0)",0.0168753210740947,0.00115098042711606,0.0223382810481089,37105,3.25081261073581,3.25101074563144,0.0168753210740947,2.93893206165932,1,1,0,1,1
"Time to complete round (0.1)",-0.0155511519032287,0.00115406391043564,0.0223724100203281,43673,-3.25004349309133,-3.25021172599761,0.0155511519032287,2.93777013989694,1,1,0,1,1
"Treatment/medication code (1140879406.0 - ranitidine)",-0.0153927842205408,0.00116019551349227,0.022465483079492,44535,-3.24853526261756,-3.24870004327806,0.0153927842205408,2.93546881829379,1,1,0,1,1
"Illnesses of siblings (0.0)",-0.0167495532021488,0.00116245610852049,0.0224834723853018,37599,-3.24798986534684,-3.2481849628283,0.0167495532021488,2.93462343601841,1,1,0,1,1
"Diagnoses - secondary ICD10 (N323)",-0.0153813725857341,0.0011700564302091,0.0226045798902524,44535,-3.24612653993759,-3.2462910083523,0.0153813725857341,2.93179319232441,1,1,0,1,1
"Frequency of consuming six or more units of alcohol (0.0)",0.018467012606928,0.00117327276256435,0.0226408121095989,30880,3.24536517141641,3.24560223363858,0.018467012606928,2.9306010113237,1,1,0,1,1
"Diagnoses - secondary ICD10 (I489)",-0.0153734418307829,0.00117695503337558,0.0226859426239117,44535,-3.2444525480899,-3.24461679975204,0.0153734418307829,2.92924012945046,1,1,0,1,1
"Weekly usage of mobile phone in last 3 months (2.0)",0.0154868692761946,0.00118308028197169,0.022778005200789,43845,3.2429745154529,3.24314115798731,0.0154868692761946,2.92698578382997,1,1,0,1,1
"Diagnoses - ICD10 (W199 - W19.9 Unspecified place)",-0.0153597451492896,0.00118895772067181,0.0228417563092053,44535,-3.24156150862684,-3.24172538643085,0.0153597451492896,2.92483358861545,1,1,0,1,1
"Diagnoses - secondary ICD10 (Z115)",-0.0153595869000022,0.00118909705630983,0.0228417563092053,44535,-3.24152810602215,-3.24169197951023,0.0153595869000022,2.92478269601249,1,1,0,1,1
"Treatment/medication code (1141171496.0 - trospium)",-0.0153517763689011,0.0011959928643566,0.0229481130848422,44535,-3.23987949164206,-3.2400431522141,0.0153517763689011,2.92227141146784,1,1,0,1,1
"Diagnoses - secondary ICD10 (R309)",-0.0153441122025452,0.00120279534388371,0.0230524397065567,44535,-3.23826177170735,-3.23842522354554,0.0153441122025452,2.91980826175669,1,1,0,1,1
"Operative procedures - OPCS4 (H289 - H28.9 Unspecified diagnostic endoscopic examination of sigmoid colon using rigid sigmoidoscope)",-0.015341371232769,0.00120523680896241,0.0230730425389233,44535,-3.23768321945084,-3.23784659668484,0.015341371232769,2.91892761307141,1,1,0,1,1
"Operative procedures - secondary OPCS4 (A515 - A51.5 Repair of dura of spinal cord)",-0.0153332270216142,0.00121251813997109,0.0231861481239092,44535,-3.23596417424469,-3.23612732995176,0.0153332270216142,2.91631175538103,1,1,0,1,1
"Diagnoses - main ICD10 (R32)",-0.0153308480769289,0.00121465269030922,0.023200690809809,44535,-3.23546203687139,-3.23562512791042,0.0153308480769289,2.91554788358377,1,1,0,1,1
"Diagnoses - ICD10 (S7200 - S72.00 Fracture of neck of femur (closed))",-0.0153263998539363,0.00121865325243993,0.0232373970409539,44535,-3.23452312526521,-3.23468609543514,0.0153263998539363,2.91411984809281,1,1,0,1,1
"Diagnoses - secondary ICD10 (S700)",-0.01532491734079,0.00121998926976498,0.0232373970409539,44535,-3.2342102028521,-3.23437313275276,0.01532491734079,2.91364398908128,1,1,0,1,1
"Operative procedures - main OPCS4 (M136 - M13.6 Percutaneous insertion of nephrostomy tube)",-0.0153241258966261,0.00122070306042796,0.0232373970409539,44535,-3.23404314827349,-3.23420605667918,0.0153241258966261,2.91338996660481,1,1,0,1,1
"Diagnoses - main ICD10 (S300)",-0.0153175509372018,0.00122664783920888,0.0233242666272995,44535,-3.23265533470149,-3.23281806461515,0.0153175509372018,2.91128010185357,1,1,0,1,1
"Minimum carotid IMT (intima-medial thickness) at 240 degrees  (2.0)",0.0182724582301664,0.00122908915556526,0.0233443986408542,31284,3.23210628240503,3.23233784777884,0.0182724582301664,2.9104166131545,1,1,0,1,1
"Treatment/medication code (1141145630.0 - nitromin 400micrograms cfc-free spray)",-0.0152986461369093,0.00124388998153433,0.0235687579600412,44535,-3.22866499400297,-3.22882721148231,0.0152986461369093,2.90521803003548,1,1,0,1,1
"Diagnoses - main ICD10 (K729)",-0.0152971618678001,0.00124525314172167,0.0235687579600412,44535,-3.22835170121523,-3.22851387851082,0.0152971618678001,2.90474235388736,1,1,0,1,1
"Operative procedures - secondary OPCS4 (Z838 - Z83.8 Specified joint of finger NEC)",-0.015296318877779,0.00124602796203793,0.0235687579600412,44535,-3.22817376671351,-3.22833592118992,0.015296318877779,2.90447221159136,1,1,0,1,1
"Diagnoses - secondary ICD10 (M4799)",-0.0152958217507756,0.00124648509673182,0.0235687579600412,44535,-3.22806883540755,-3.22823097642816,0.0152958217507756,2.90431290965586,1,1,0,1,1
"Diagnoses - main ICD10 (Z115)",-0.0152893566420314,0.00125244422707479,0.0236549449375367,44535,-3.2267042098153,-3.22686617591644,0.0152893566420314,2.90224160471259,1,1,0,1,1
"Alcohol drinker status (0.0)",0.0152875968638459,0.00125804549137274,0.0237341878456186,44510,3.22542701477631,3.22558890817467,0.0152875968638459,2.90030365436377,1,1,0,1,1
"Time to complete round (0.2)",-0.0154491094138325,0.00125953438321125,0.0237357567639753,43575,-3.22508935467712,-3.22525467797958,0.0154491094138325,2.899789972481,1,1,0,1,1
"Diagnoses - secondary ICD10 (A084)",-0.0152737845904005,0.00126690570772958,0.0238480522575407,44535,-3.22341733346724,-3.22357887880615,0.0152737845904005,2.8972557072449,1,1,0,1,1
"Recent thoughts of suicide or self-harm (0.0)",0.0193928582497337,0.00127014618333606,0.0238824257300994,27612,3.22271287311517,3.22297329538305,0.0193928582497337,2.89614629245927,1,1,0,1,1
"Operative procedures - main OPCS4 (X375 - X37.5 Intramuscular injection for local action)",-0.0152602655032838,0.00127958548358911,0.0240331489325941,44535,-3.22056378860396,-3.22072496928684,0.0152602655032838,2.89293069546579,1,1,0,1,1
"Liking for hard cheese (0.0)",0.0175270265400733,0.00129261460123398,0.0242508861575952,33699,3.21767292547139,3.21788545252446,0.0175270265400733,2.8885309426424,1,1,0,1,1
"Diagnoses - ICD10 (N183 - N18.3 Chronic kidney disease, stage 3)",-0.0152395987290843,0.00129919576889681,0.0243473036157853,44535,-3.21620154608861,-3.21636217045626,0.0152395987290843,2.88632540247156,1,1,0,1,1
"Diagnoses - main ICD10 (R18)",-0.0152347064922443,0.00130387833555776,0.0244079664034287,44535,-3.2151689168541,-3.21532940973218,0.0152347064922443,2.88476293058339,1,1,0,1,1
"Diagnoses - main ICD10 (E859)",-0.0152303787870593,0.00130803354289795,0.0244586338558493,44535,-3.21425544630667,-3.21441582293236,0.0152303787870593,2.88338111892559,1,1,0,1,1
"Diagnoses - main ICD10 (C719)",-0.0151843494504894,0.00135299065803538,0.0252712912178401,44535,-3.20453980966971,-3.20469895356352,0.0151843494504894,2.86870520205551,1,1,0,1,1
"Diagnoses - main ICD10 (I728)",-0.0151814852495469,0.00135583470753762,0.025296429874887,44535,-3.20393524925233,-3.20409431666349,0.0151814852495469,2.86779325293201,1,1,0,1,1
"Operative procedures - OPCS4 (G488 - G48.8 Other specified other operations on stomach)",-0.0151644867462256,0.00137282740470381,0.025559943298096,44535,-3.20034729597303,-3.20050591001489,0.0151644867462256,2.86238405992016,1,1,0,1,1
"External causes - ICD10 (W199 - W19.9 Unspecified place)",-0.0151643290150511,0.00137298599771235,0.025559943298096,44535,-3.20031400292798,-3.20047261276728,0.0151643290150511,2.86233389185812,1,1,0,1,1
"Diagnoses - ICD10 (M1395 - M13.95 Arthritis, unspecified (Pelvic region and thigh))",-0.0151609134811393,0.00137642434111333,0.0255957323785226,44535,-3.19959307050153,-3.19975158935812,0.0151609134811393,2.86124765578539,1,1,0,1,1
"Diagnoses - main ICD10 (H547)",-0.0151504673841049,0.00138698954330847,0.0257638266653064,44535,-3.19738816529686,-3.19754640612287,0.0151504673841049,2.85792681311601,1,1,0,1,1
"Diagnoses - secondary ICD10 (M8098)",-0.0151364820119888,0.00140125147295431,0.026000144088828,44535,-3.19443621029864,-3.19459407944031,0.0151364820119888,2.85348391787915,1,1,0,1,1
"Diagnoses - main ICD10 (F209)",-0.0151321269244954,0.00140572021521842,0.0260544301141197,44535,-3.19351696277227,-3.19367471629799,0.0151321269244954,2.85210110967047,1,1,0,1,1
"Operative procedures - secondary OPCS4 (T591 - T59.1 Excision of ganglion of wrist)",-0.0151305911472411,0.00140729920291419,0.026055095439919,44535,-3.19319279952217,-3.19335051229158,0.0151305911472411,2.85161355831489,1,1,0,1,1
"Operative procedures - OPCS4 (X334 - X33.4 Autologous peripheral blood stem cell transplant)",-0.0151265686378422,0.00141144264304298,0.0261031862297708,44535,-3.19234375086824,-3.19250135692436,0.0151265686378422,2.85033676563329,1,1,0,1,1
"Non-cancer illness code, self-reported (1297.0 - muscle/soft tissue problem)",-0.0151171134699719,0.00142122639533702,0.0262553694587152,44535,-3.19034800763435,-3.19050536305753,0.0151171134699719,2.84733673529278,1,1,0,1,1
"Operation code (1403.0 - inguinal/femoral hernia repair)",-0.0151007482553605,0.00143830821219712,0.0265418952600529,44535,-3.18689373225492,-3.18705065455151,0.0151007482553605,2.84214803988242,1,1,0,1,1
"Values wanted (1.14)",0.018550193634827,0.00144755473208652,0.0266833642481233,29477,3.18506140341033,3.18529815123719,0.018550193634827,2.83936500660309,1,1,0,1,1
"Liking for red meat (0.0)",0.0173979306922198,0.00145092644402256,0.0267163500625093,33497,3.18438030161876,3.18458852071101,0.0173979306922198,2.83835460394051,1,1,0,1,1
"Diagnoses - secondary ICD10 (H109)",-0.0150852285038254,0.00145468217946538,0.0267563274512777,44535,-3.18361791393682,-3.18377442627221,0.0150852285038254,2.83723188144202,1,1,0,1,1
"Diagnoses - main ICD10 (H579)",-0.0150746769725497,0.00146591239026507,0.0269335481062304,44535,-3.18139075934865,-3.1815469933989,0.0150746769725497,2.83389198437524,1,1,0,1,1
"Diagnoses - secondary ICD10 (I479)",-0.0150499766619909,0.00149251456072944,0.0273925090846919,44535,-3.17617716718641,-3.17633275117852,0.0150499766619909,2.82608142327156,1,1,0,1,1
"Diagnoses - ICD10 (M169 - M16.9 Coxarthrosis, unspecified)",-0.015024256426848,0.00152068730761728,0.0278792673063167,44535,-3.17074829963197,-3.17090320878475,0.015024256426848,2.81796007887102,1,1,0,1,1
"Diagnoses - ICD10 (I259 - I25.9 Chronic ischaemic heart disease, unspecified)",-0.0150223033713585,0.00152284647814317,0.0278885713486414,44535,-3.17033606097599,-3.1704909189709,0.0150223033713585,2.81734387674008,1,1,0,1,1
"Types of physical activity in last 4 weeks (0.1)",-0.0168264437769214,0.00153609221500555,0.0281006685269434,35440,-3.1678295466004,-3.16802375955124,0.0168264437769214,2.81358271186575,1,1,0,1,1
"Diagnoses - secondary ICD10 (G403)",-0.0149833526943516,0.00156650186440171,0.0286107953094348,44535,-3.1621146023614,-3.16226844261727,0.0149833526943516,2.80506908389821,1,1,0,1,1
"Operative procedures - secondary OPCS4 (M274 - M27.4 Ureteroscopic insertion of ureteric stent)",-0.0149825912620214,0.00156736663673244,0.0286107953094348,44535,-3.16195388421368,-3.16210770462201,0.0149825912620214,2.80482940194555,1,1,0,1,1
"Non-cancer illness code, self-reported (1289.0 - schizophrenia)",-0.0149809924642352,0.00156918385061061,0.0286130338202593,44535,-3.16161642046342,-3.16177019920341,0.0149809924642352,2.80432617009819,1,1,0,1,1
"Treatment/medication code (1140871688.0 - solpadol caplet)",-0.0149786911824449,0.00157180292253083,0.0286298730819127,44535,-3.16113068102552,-3.16128439980303,0.0149786911824449,2.80360190805672,1,1,0,1,1
"Weekly usage of mobile phone in last 3 months (0.0)",0.015084803841322,0.00158479681022509,0.0288354462722528,43844,3.1587324183581,3.15888825954114,0.015084803841322,2.80002641158803,1,1,0,1,1
"Operative procedures - OPCS4 (X368 - X36.8 Other specified blood withdrawal)",-0.0149531458410547,0.0016011474202857,0.0291015868584758,44535,-3.15573874047929,-3.15589179476871,0.0149531458410547,2.79556868003003,1,1,0,1,1
"Type of cancer: ICD10 (C445 - C44.5 Skin of trunk)",-0.0149458277873308,0.00160964627842112,0.0292245993668179,44535,-3.15419409519196,-3.15434695950333,0.0149458277873308,2.79326955018406,1,1,0,1,1
"Operative procedures - secondary OPCS4 (C903 - C90.3 Subtenons anaesthetic)",-0.0149306350228706,0.00162742320567545,0.0295156185046508,44535,-3.15098731029886,-3.15113978074284,0.0149306350228706,2.78849949562507,1,1,0,1,1
"Diagnoses - secondary ICD10 (M7916)",-0.0149245060462911,0.00163464567924711,0.0296147985988063,44535,-3.14969364822062,-3.14984595997901,0.0149245060462911,2.78657636913448,1,1,0,1,1
"Diagnoses - secondary ICD10 (S931)",-0.0149222047166954,0.00163736520748952,0.0296322738783071,44535,-3.14920789951296,-3.1493601517181,0.0149222047166954,2.78585444220825,1,1,0,1,1
"Treatment/medication code (1141157418.0 - budesonide product)",-0.0149104279571127,0.0016513473279182,0.0298533186637032,44535,-3.14672214321072,-3.14687409092094,0.0149104279571127,2.78216157196203,1,1,0,1,1
"Liking for lager (0.0)",0.0172597601040316,0.00165392647449597,0.0298679663335449,33226,3.14627956172069,3.14648316042241,0.0172597601040316,2.78148380096874,1,1,0,1,1
"Diagnoses - main ICD10 (Z857)",-0.0149052651710148,0.00165751148538599,0.0299007280242975,44535,-3.14563241859276,-3.14578423295387,0.0149052651710148,2.7805434535582,1,1,0,1,1
"Diagnoses - ICD10 (H021 - H02.1 Ectropion of eyelid)",-0.0149032841839746,0.00165988231850052,0.0299115399657218,44535,-3.14521428581042,-3.14536604902709,0.0149032841839746,2.77992270125966,1,1,0,1,1
"Non-cancer illness code, self-reported (1093.0 - pulmonary embolism +/- dvt)",-0.0148982882338914,0.00166587530391932,0.0299875314570125,44535,-3.1441597759883,-3.14431141027609,0.0148982882338914,2.77835751004,1,1,0,1,1
"Diagnoses - ICD10 (E668 - E66.8 Other obesity)",-0.0148825520555148,0.00168488227241385,0.0302973771775376,44535,-3.14083829573745,-3.14098952443988,0.0148825520555148,2.77343043914115,1,1,0,1,1
"Diagnoses - main ICD10 (L984)",-0.0148775494661778,0.00169096631973278,0.0303744322432851,44535,-3.13978238520075,-3.13993348512919,0.0148775494661778,2.77186504249089,1,1,0,1,1
"Operative procedures - secondary OPCS4 (U211 - U21.1 Magnetic resonance imaging NEC)",-0.0148732578930988,0.0016962017404848,0.0304360960553516,44535,-3.13887655098147,-3.13902754050118,0.0148732578930988,2.77052249549392,1,1,0,1,1
"Diagnoses - ICD10 (G258 - G25.8 Other specified extrapyramidal and movement disorders)",-0.014868036030467,0.00170259215601754,0.0305183317986796,44535,-3.13777435812498,-3.13792521338056,0.014868036030467,2.76888937176953,1,1,0,1,1
"Operation code (1118.0 - ent surgery)",-0.0148588685190608,0.00171386476933355,0.0306878119090107,44535,-3.13583934678246,-3.13598996653077,0.0148588685190608,2.76602344860254,1,1,0,1,1
"Treatment/medication code (1140909674.0 - cod liver oil capsule)",-0.0148379554705923,0.00173983735221587,0.0311198661993273,44535,-3.13142517524632,-3.13157525873908,0.0148379554705923,2.7594913496121,1,1,0,1,1
"Operative procedures - secondary OPCS4 (C646 - C64.6 Stretching of iris)",-0.0148297274782772,0.00175015479363966,0.0312712843286831,44535,-3.12968847225824,-3.1298383451434,0.0148297274782772,2.75692353814198,1,1,0,1,1
"Diagnoses - secondary ICD10 (E872)",-0.014826943548949,0.0017536584017272,0.031300763333154,44535,-3.12910086140399,-3.12925066307838,0.014826943548949,2.75605499973455,1,1,0,1,1
"Treatment/medication code (1140911732.0 - garlic product)",-0.0148178016667062,0.00176520897420391,0.0314736573700454,44535,-3.12717126203171,-3.12732083003446,0.0148178016667062,2.75320387329525,1,1,0,1,1
"Tea intake (2.0)",-0.0148593077685849,0.00178044112718691,0.0317117599499483,44215,-3.12464458717338,-3.12479492995151,0.0148593077685849,2.7494723823158,1,1,0,1,1
"Operative procedures - OPCS4 (E641 - E64.1 Endoscopic extirpation of lesion of nasal cavity)",-0.0147977401477797,0.00179080181561114,0.0318626856233868,44535,-3.12293683015556,-3.12308588629115,0.0147977401477797,2.74695247397728,1,1,0,1,1
"Ethnic background (0.0)",-0.0148171030334042,0.00179372899544601,0.0318679961270362,44405,-3.12245618320559,-3.12260561756196,0.0148171030334042,2.7462431714775,1,1,0,1,1
"Diagnoses - secondary ICD10 (S409)",-0.0147945271462066,0.00179493224224214,0.0318679961270362,44535,-3.12225865460763,-3.12240762888075,0.0147945271462066,2.74595194116687,1,1,0,1,1
"Diagnoses - main ICD10 (C900)",-0.0147926608182761,0.00179733549088343,0.0318679961270362,44535,-3.12186472455716,-3.12201365129388,0.0147926608182761,2.74537084985809,1,1,0,1,1
"Operative procedures - OPCS4 (L544 - L54.4 Percutaneous transluminal insertion of stent into iliac artery)",-0.0147916411867107,0.00179864970737729,0.0318679961270362,44535,-3.12164950862952,-3.12179840940025,0.0147916411867107,2.74505340862001,1,1,0,1,1
"Diagnoses - secondary ICD10 (J22)",-0.0147821481643867,0.00181092784594825,0.0320519042755096,44535,-3.11964579536958,-3.11979445454637,0.0147821481643867,2.7420988532369,1,1,0,1,1
"Waist circumference (0.0)",-0.014786551847555,0.00181426511019611,0.032072982673813,44493,-3.11910337049966,-3.11925210460255,0.014786551847555,2.74129925118843,1,1,0,1,1
"Diagnoses - secondary ICD10 (Z801)",-0.0147768473890918,0.00181781725903696,0.032072982673813,44535,-3.11852694922546,-3.11867547362189,0.0147768473890918,2.74044977753916,1,1,0,1,1
"Diagnoses - ICD10 (Z801 - Z80.1 Family history of malignant neoplasm of trachea, bronchus and lung)",-0.0147768473890918,0.00181781725903696,0.032072982673813,44535,-3.11852694922546,-3.11867547362189,0.0147768473890918,2.74044977753916,1,1,0,1,1
"Medication for pain relief, constipation, heartburn (2.0)",-0.0148758337627315,0.00182159784144765,0.032106137320296,43927,-3.1179151773016,-3.11806568293988,0.0148758337627315,2.73954749702177,1,1,0,1,1
"Operative procedures - OPCS4 (T462 - T46.2 Drainage of ascites NEC)",-0.0147557706070556,0.00184544967986669,0.032492615062095,44535,-3.11407822883854,-3.11422621819255,0.0147557706070556,2.73389779227497,1,1,0,1,1
"Time to press last digit (left) (2.8)",-0.0150458005798424,0.00186775470574782,0.0328064570505153,42737,-3.11053325398391,-3.11068702672033,0.0150458005798424,2.72868016072648,1,1,0,1,1
"Diagnoses - ICD10 (N280 - N28.0 Ischaemia and infarction of kidney)",-0.014738964237785,0.00186775941017828,0.0328064570505153,44535,-3.11053087537307,-3.11067843908293,0.014738964237785,2.72867906684322,1,1,0,1,1
"Diagnoses - secondary ICD10 (S600)",-0.0147367060798594,0.0018707758257584,0.0328064570505153,44535,-3.11005424166582,-3.11020174825179,0.0147367060798594,2.7279782506983,1,1,0,1,1
"Interval between previous point and current one in numeric path (trail #1) (1.20)",-0.0171288348281977,0.00187104638079042,0.0328064570505153,32963,-3.11002515664864,-3.11022444802891,0.0171288348281977,2.72791544677488,1,1,0,1,1
"Currently suffering from hearing loss (0.0)",-0.016521844115008,0.00187708959990446,0.0328782758240527,35408,-3.10906885980821,-3.10925424415245,0.016521844115008,2.72651499652338,1,1,0,1,1
"Operation code (1361.0 - vaginal prolapse/colposuspension)",-0.014726733283583,0.00188415094126247,0.0329677602520382,44535,-3.10794926488358,-3.1080965193807,0.014726733283583,2.72488430837353,1,1,0,1,1
"Diagnoses - main ICD10 (R900)",-0.0147104051140298,0.00190623938093947,0.033319722512591,44535,-3.10450284889955,-3.10464969132667,0.0147104051140298,2.71982256262048,1,1,0,1,1
"Diagnoses - secondary ICD10 (R222)",-0.0147048339437694,0.00191383020058004,0.0334178106895492,44535,-3.10332693239619,-3.10347363441463,0.0147048339437694,2.71809659645591,1,1,0,1,1
"Ventricular rate (2.0)",-0.0155870768432087,0.0019171186417814,0.0334406490356188,39623,-3.10282360973473,-3.10298843234481,0.0155870768432087,2.71735100977368,1,1,0,1,1
"Diagnoses - main ICD10 (O701)",0.0147007074722825,0.00191947047529793,0.033447119685661,44535,3.10245595107573,3.10260254915799,0.0147007074722825,2.7168185636788,1,1,0,1,1
"Anterior thigh fat-free muscle volume (left) (2.0)",0.016360637712684,0.00192565252471892,0.0335202503916279,35934,3.10151319890179,3.10169475028368,0.016360637712684,2.7154220766152,1,1,0,1,1
"Alkaline phosphatase (0.0)",-0.0151726527734734,0.00193430872375047,0.0336362541715001,41746,-3.10017833945949,-3.1003344427625,0.0151726527734734,2.7134742095079,1,1,0,1,1
"Diagnoses - main ICD10 (I712)",-0.0146872013143272,0.00193803830091278,0.033666436945383,44535,-3.09960518419698,-3.09975144246021,0.0146872013143272,2.71263764435919,1,1,0,1,1
"Diagnoses - main ICD10 (N907)",-0.0146777122014444,0.001951182101407,0.033859927833769,44535,-3.09760230227712,-3.09774832212982,0.0146777122014444,2.70970219654828,1,1,0,1,1
"Diagnoses - ICD10 (S000 - S00.0 Superficial injury of scalp)",-0.0146736102208606,0.00195688923473806,0.0339241013640165,44535,-3.09673649098269,-3.09688240786107,0.0146736102208606,2.70843375589716,1,1,0,1,1
"Diagnoses - secondary ICD10 (Z139)",-0.0146719671557274,0.00195917954584104,0.0339289709041291,44535,-3.09638968674981,-3.096535562396,0.0146719671557274,2.707925761966,1,1,0,1,1
"Operative procedures - secondary OPCS4 (Y973 - Y97.3 Radiology with post contrast)",-0.0146654401952219,0.00196830196939824,0.0340520274111571,44535,-3.09501203152833,-3.09515774346523,0.0146654401952219,2.70590827298645,1,1,0,1,1
"Operative procedures - secondary OPCS4 (X301 - X30.1 Injection of Rh immune globulin)",-0.0146606065150225,0.00197508288739858,0.0341343649475179,44535,-3.09399177965917,-3.09413737044268,0.0146606065150225,2.70441467381754,1,1,0,1,1
"Diagnoses - ICD10 (S809 - S80.9 Superficial injury of lower leg, unspecified)",-0.0146550321276967,0.00198292952455983,0.0342233149573033,44535,-3.09281518584529,-3.09296063699989,0.0146550321276967,2.70269272081168,1,1,0,1,1
"Job involves shift work (0.0)",0.0171024259243037,0.00198428340794788,0.0342233149573033,32696,3.09262636046492,3.09282445392223,0.0171024259243037,2.70239629905797,1,1,0,1,1
"Diagnoses - ICD10 (S300 - S30.0 Contusion of lower back and pelvis)",-0.0146494682289808,0.00199078992010465,0.0343004977560888,44535,-3.09164080606892,-3.09178611795318,0.0146494682289808,2.70097456687015,1,1,0,1,1
"Diagnoses - main ICD10 (M6544)",-0.0146333185261662,0.00201376765927152,0.0346610264289496,44535,-3.08823206710441,-3.08837697528672,0.0146333185261662,2.69599063811063,1,1,0,1,1
"Operative procedures - secondary OPCS4 (X292 - X29.2 Continuous intravenous infusion of therapeutic substance NEC)",-0.0146296963803657,0.00201895453588447,0.0347089761074431,44535,-3.08746753625866,-3.08761235400713,0.0146296963803657,2.69487346066845,1,1,0,1,1
"Liking for garlic (0.0)",0.016815617200605,0.00202066470320501,0.0347089761074431,33703,3.08722798364739,3.08741931285431,0.016815617200605,2.69450574468788,1,1,0,1,1
"Liking for vinegar (0.0)",0.0168020847496668,0.00202636626060449,0.0347615372007623,33739,3.08639025124731,3.08658124555598,0.0168020847496668,2.69328205424558,1,1,0,1,1
"Diagnoses - main ICD10 (L031)",-0.0146213089187451,0.00203101239220232,0.0347615372007623,44535,-3.08569718455202,-3.08584179304696,0.0146213089187451,2.69228742674356,1,1,0,1,1
"Father's age at death (2.0)",-0.0159763514647126,0.00203341090384918,0.0347615372007623,37292,-3.08535349258703,-3.08552614180547,0.0159763514647126,2.69177485193624,1,1,0,1,1
"Diagnoses - secondary ICD10 (Z802)",-0.0146192251307421,0.00203401828571828,0.0347615372007623,44535,-3.0852573569559,-3.0854019134974,0.0146192251307421,2.69164514711099,1,1,0,1,1
"Diagnoses - ICD10 (Z802 - Z80.2 Family history of malignant neoplasm of other respiratory and intrathoracic organs)",-0.0146192251307421,0.00203401828571828,0.0347615372007623,44535,-3.0852573569559,-3.0854019134974,0.0146192251307421,2.69164514711099,1,1,0,1,1
"Operative procedures - OPCS4 (M432 - M43.2 Endoscopic hydrostatic distension of bladder)",-0.0146113285643938,0.00204544627372798,0.0348867384191816,44535,-3.08359061960881,-3.08373497939314,0.0146113285643938,2.68921192331785,1,1,0,1,1
"Diagnoses - secondary ICD10 (M239)",-0.0146113077186517,0.00204547651969143,0.0348867384191816,44535,-3.08358621967453,-3.08373057893972,0.0146113077186517,2.68920550146357,1,1,0,1,1
"Operative procedures - main OPCS4 (A021 - A02.1 Excision of lesion of tissue of frontal lobe of brain)",-0.0146079383663637,0.00205037065144719,0.0349349227544761,44535,-3.08287504672695,-3.08301932209744,0.0146079383663637,2.68816762317465,1,1,0,1,1
"Histology of cancer tumour (8720.0)",-0.0146053374574188,0.00205415593027766,0.0349641359705023,44535,-3.08232607002127,-3.08247028065477,0.0146053374574188,2.68736659234108,1,1,0,1,1
"Underlying (primary) cause of death: ICD10 (I619 - I61.9 Intracerebral haemorrhage, unspecified)",-0.0146010637286251,0.00206038970139819,0.0350349245801696,44535,-3.0814240094846,-3.0815681137897,0.0146010637286251,2.68605062955302,1,1,0,1,1
"Diagnoses - secondary ICD10 (E119)",-0.0145944077618792,0.0020701328345076,0.0351651840147493,44535,-3.08001912764344,-3.0801630664633,0.0145944077618792,2.68400178621326,1,1,0,1,1
"Operative procedures - main OPCS4 (X714 - X71.4 Procurement of drugs for chemotherapy for neoplasm for regimens in Band 9)",-0.0145900751627064,0.00207649766703258,0.0352337464278528,44535,-3.07910464156517,-3.07924847273833,0.0145900751627064,2.68266855248834,1,1,0,1,1
"Operative procedures - main OPCS4 (T872 - T87.2 Excision or biopsy of cervical lymph node NEC)",-0.0145888217124431,0.00207834240107441,0.0352337464278528,44535,-3.07884007457513,-3.07898387461618,0.0145888217124431,2.68228290208811,1,1,0,1,1
"Diagnoses - secondary ICD10 (D036)",-0.0145866363289516,0.00208156228006715,0.0352529379126719,44535,-3.07837880353765,-3.07852254931158,0.0145866363289516,2.68161059054955,1,1,0,1,1
"Diagnoses - secondary ICD10 (R33)",-0.0145846378680531,0.00208451075744226,0.0352674991376879,44535,-3.07795698646103,-3.07810068262233,0.0145846378680531,2.68099585928762,1,1,0,1,1
"Treatment/medication code (1141164828.0 - adcal-d3 1.5g/10micrograms chewable tablet)",-0.0145820186396196,0.00208838089949302,0.0352976090970367,44535,-3.07740414341697,-3.07754777457351,0.0145820186396196,2.68019028753694,1,1,0,1,1
"Diagnoses - main ICD10 (M545)",-0.0145794331034198,0.0020922077209935,0.0353269273689753,44535,-3.0768584118663,-3.07700197887495,0.0145794331034198,2.67939519953572,1,1,0,1,1
"Diagnoses - secondary ICD10 (I471)",-0.0145751645727777,0.00209853959884122,0.0353984426837503,44535,-3.07595744919021,-3.07610091034047,0.0145751645727777,2.67808283136268,1,1,0,1,1
"Liking for salami (0.0)",0.0169927847989159,0.0021013790798532,0.0354109638356499,32755,3.07556759806827,3.07576259708836,0.0169927847989159,2.67749559564827,1,1,0,1,1
"General happiness (0.0)",0.0167914224571331,0.00210991183997427,0.0355193035074432,33519,3.07435773360551,3.07454809880032,0.0167914224571331,2.67573569077462,1,1,0,1,1
"Ever had bowel cancer screening (2.0)",0.0146678405973365,0.00213178409405312,0.0358517673586523,43840,3.07126819757982,3.07141337444676,0.0146678405973365,2.67125678252985,1,1,0,1,1
"Operative procedures - secondary OPCS4 (Z246 - Z24.6 Lung)",-0.0145515163308467,0.00213393857880635,0.0358522914459157,44535,-3.07096599511532,-3.07110887081121,0.0145515163308467,2.67081808503777,1,1,0,1,1
"Diagnoses - ICD10 (I442 - I44.2 Atrioventricular block, complete)",-0.014547442028132,0.00214009239422327,0.0359199404338568,44535,-3.07010602900294,-3.07024880400585,0.014547442028132,2.66956747644748,1,1,0,1,1
"Treatment/medication code (1140881446.0 - proctosedyl ointment)",-0.0145345404965795,0.00215968632646057,0.0361843229493666,44535,-3.06738289378938,-3.06752535027806,0.0145345404965795,2.66560932133963,1,1,0,1,1
"Diagnoses - secondary ICD10 (H613)",-0.0145332834223426,0.00216160424824864,0.0361843229493666,44535,-3.06711756231288,-3.06725998779412,0.0145332834223426,2.66522381479265,1,1,0,1,1
"Diagnoses - secondary ICD10 (I482)",-0.0145328452517316,0.00216227313330832,0.0361843229493666,44535,-3.06702507735941,-3.06716749203373,0.0145328452517316,2.66508944784969,1,1,0,1,1
"Contra-indications for spirometry (0.0)",-0.0145338955669344,0.00216940102529047,0.0362676597148808,44500,-3.06604117727028,-3.06618358894201,0.0145338955669344,2.66366015892528,1,1,0,1,1
"Particulate matter air pollution (pm10); 2007 (0.0)",-0.0146182368948388,0.002183344793657,0.0364228304570022,43933,-3.06412540225815,-3.06426942538932,0.0146182368948388,2.66087767512073,1,1,0,1,1
"Diagnoses - ICD10 (H358 - H35.8 Other specified retinal disorders)",-0.0145184063626772,0.00218442110923164,0.0364228304570022,44535,-3.063977452393,-3.06411951127961,0.0145184063626772,2.66066363529593,1,1,0,1,1
"Duration to entering symbol choice (1.2)",-0.0169017000761445,0.00218723424260664,0.0364228304570022,32852,-3.0636054052929,-3.06379793073165,0.0169017000761445,2.6601047035541,1,1,0,1,1
"Operative procedures - secondary OPCS4 (S265 - S26.5 Local subcutaneous pedicle flap of skin to head or neck NEC)",-0.0145165321208533,0.00218731122791829,0.0364228304570022,44535,-3.06358185514168,-3.06372386789211,0.0145165321208533,2.6600894177164,1,1,0,1,1
"Diagnoses - secondary ICD10 (M7969)",-0.0145133448609088,0.00219223409610893,0.0364688401111323,44535,-3.0629091184838,-3.06305105280164,0.0145133448609088,2.6591130718939,1,1,0,1,1
"Diagnoses - ICD10 (M8198 - M81.98 Osteoporosis, unspecified (Other))",-0.0144960599945716,0.00221910867571759,0.0368795767613106,44535,-3.0592607936031,-3.05940230311433,0.0144960599945716,2.65382142867887,1,1,0,1,1
"Diagnoses - ICD10 (K729 - K72.9 Hepatic failure, unspecified)",-0.0144871565376423,0.00223306930686006,0.0370750985706315,44535,-3.05738153746831,-3.05752282851808,0.0144871565376423,2.65109779769892,1,1,0,1,1
"Operative procedures - secondary OPCS4 (G212 - G21.2 Intubation of oesophagus for pressure manometry)",-0.0144804968125436,0.00224356432538787,0.0372127540610749,44535,-3.05597586700518,-3.05611699480584,0.0144804968125436,2.64906147426529,1,1,0,1,1
"Behaviour of cancer tumour (3.0)",-0.0144733192639411,0.00225492596543925,0.0373644994371362,44535,-3.05446089966093,-3.05460185167098,0.0144733192639411,2.64686771246851,1,1,0,1,1
"Diagnoses - secondary ICD10 (I442)",-0.0144594714566443,0.0022769953230905,0.0376874098940561,44535,-3.05153803969558,-3.05167865299372,0.0144594714566443,2.64263786141739,1,1,0,1,1
"Absence of notch position in the pulse waveform (2.0)",-0.0158178558321497,0.00227887743570218,0.0376874098940561,37208,-3.05129707097445,-3.05146534318409,0.0158178558321497,2.64227903174354,1,1,0,1,1
"Time to press last digit (left) (2.12)",-0.014758957716363,0.00228781240367747,0.0377981530685852,42706,-3.05011643485551,-3.05026289923981,0.014758957716363,2.64057958975134,1,1,0,1,1
"Liking for lemons (0.0)",0.0165856103152008,0.00231606715951477,0.0382275601059695,33735,3.04643790290163,3.04662275895249,0.0165856103152008,2.63524885142829,1,1,0,1,1
"Hand grip strength (right) (0.0)",-0.014457209318387,0.00231946078433822,0.0382360567924226,44387,-3.04598632234133,-3.04612676064444,0.014457209318387,2.63461296580075,1,1,0,1,1
"Operative procedures - main OPCS4 (E491 - E49.1 Diagnostic fibreoptic endoscopic examination of lower respiratory tract and biopsy of lesion of lower respiratory tract)",-0.0144321549903352,0.00232111093942749,0.0382360567924226,44535,-3.04577235011453,-3.04591229697902,0.0144321549903352,2.6343041015821,1,1,0,1,1
"Diagnoses - ICD10 (M4799 - M47.99 Spondylosis, unspecified (Site unspecified))",-0.0144259828660563,0.00233118661036688,0.0383646061559891,44535,-3.04446959978678,-3.04460939638651,0.0144259828660563,2.6324229600235,1,1,0,1,1
"Vitamin and mineral supplements (7.0 - Multivitamins +/- minerals)",-0.0144241322954992,0.00233421536562969,0.0383761792037269,44535,-3.04407899988769,-3.04421875145656,0.0144241322954992,2.63185907640137,1,1,0,1,1
"Operative procedures - secondary OPCS4 (T462 - T46.2 Drainage of ascites NEC)",-0.0144227772319387,0.00233643542916383,0.0383761792037269,44535,-3.04379298665599,-3.04393270525804,0.0144227772319387,2.63144621684182,1,1,0,1,1
"Diagnoses - secondary ICD10 (F480)",-0.0144135655541552,0.00235157866984659,0.0385499085828735,44535,-3.04184867835369,-3.04198817299667,0.0144135655541552,2.62864048776257,1,1,0,1,1
"Diagnoses - ICD10 (F480 - F48.0 Neurasthenia)",-0.0144135655541552,0.00235157866984659,0.0385499085828735,44535,-3.04184867835369,-3.04198817299667,0.0144135655541552,2.62864048776257,1,1,0,1,1
"Ever had complex regional pain syndrome (also known as CRPS) (0.0)",-0.0173325468742809,0.00236750323946569,0.038766384625594,30756,-3.03983228378571,-3.0400339449559,0.0173325468742809,2.62570941807712,1,1,0,1,1
"External causes - ICD10 (W189 - W18.9 Unspecified place)",-0.0144028087327889,0.00236937571416127,0.038766384625594,44535,-3.03957823733747,-3.03971747078192,0.0144028087327889,2.62536606732735,1,1,0,1,1
"Main speciality of consultant (recoded) (0.0)",0.0160396669794266,0.00237896447251584,0.0388855906277153,35880,3.03836997205579,3.03854262256642,0.0160396669794266,2.62361204367334,1,1,0,1,1
"Operative procedures - secondary OPCS4 (M472 - M47.2 Change of urethral catheter into bladder)",-0.0143929005494911,0.00238587771242209,0.0389320022532543,44535,-3.03748691888079,-3.03762591204486,0.0143929005494911,2.62235181975256,1,1,0,1,1
"Pulse rate, automated reading (0.1)",0.0150034756330112,0.00238641529950359,0.0389320022532543,40982,3.03742208072574,3.03757311711153,0.0150034756330112,2.62225397533964,1,1,0,1,1
"Diagnoses - secondary ICD10 (Z514)",-0.0143848754659543,0.00239932046872363,0.039104754936678,44535,-3.03579306638743,-3.03593186515631,0.0143848754659543,2.61991174098459,1,1,0,1,1
"Diagnoses - secondary ICD10 (R258)",-0.014383084987289,0.00240232912981995,0.0391137160844843,44535,-3.03541515053033,-3.03555390595435,0.014383084987289,2.61936749257319,1,1,0,1,1
"Femur neck BMD (bone mineral density) T-score (left) (2.0)",-0.0175246281551577,0.00240450324522918,0.0391137160844843,29993,-3.03515943758899,-3.035365432765,0.0175246281551577,2.61897463244579,1,1,0,1,1
"Operative procedures - secondary OPCS4 (Z941 - Z94.1 Bilateral operation)",-0.0143601961418543,0.00244109623128146,0.0396649207212445,44535,-3.03058400970815,-3.0307222118843,0.0143601961418543,2.61241509977546,1,1,0,1,1
"Diagnoses - ICD10 (E119 - E11.9 Without complications)",-0.0143590299787187,0.00244308661830585,0.0396649207212445,44535,-3.03033786813679,-3.03047604216809,0.0143590299787187,2.61206113507921,1,1,0,1,1
"Operative procedures - main OPCS4 (U508 - U50.8 Other specified rehabilitation for musculoskeletal disorders)",-0.0143549448931643,0.00245007069054203,0.0397400995291087,44535,-3.02947563088112,-3.02961370635312,0.0143549448931643,2.61082138499488,1,1,0,1,1
"Treatment/medication code (1140856342.0 - syndol tablet)",-0.0143293794395857,0.0024941952450143,0.040416973811964,44535,-3.02407954385659,-3.02421700366917,0.0143293794395857,2.60306955305739,1,1,0,1,1
"Operative procedures - secondary OPCS4 (Y537 - Y53.7 Approach to organ under magnetic resonance imaging control)",-0.0143090305008336,0.00252983468624751,0.0409551856925113,44535,-3.01978450673709,-3.01992147792664,0.0143090305008336,2.59690785716259,1,1,0,1,1
"Treatment/medication code (1140879792.0 - terbutaline)",-0.0143019614839709,0.00254232407263338,0.0411179520751098,44535,-3.01829245458265,-3.01842925632239,0.0143019614839709,2.59476909029432,1,1,0,1,1
"Diagnoses - ICD10 (K449 - K44.9 Diaphragmatic hernia without obstruction or gangrene)",-0.0143002678776136,0.00254532466124454,0.0411270879474775,44535,-3.01793498638778,-3.01807174755288,0.0143002678776136,2.59425681466542,1,1,0,1,1
"Operative procedures - OPCS4 (X714 - X71.4 Procurement of drugs for chemotherapy for neoplasm for regimens in Band 9)",-0.0142700857754759,0.00259934482291696,0.041959787127106,44535,-3.01156447614125,-3.01170051566923,0.0142700857754759,2.58513610420173,1,1,0,1,1
"Treatment/medication code (1140879798.0 - terazosin)",-0.014267592656213,0.00260385356577389,0.0419924235511864,44535,-3.01103825585596,-3.01117423589768,0.014267592656213,2.5843834430549,1,1,0,1,1
"Diagnoses - main ICD10 (G553)",-0.0142593381359393,0.0026188327305776,0.0421030983770231,44535,-3.00929598246693,-3.009431765688,0.0142593381359393,2.58189223983633,1,1,0,1,1
"Diagnoses - ICD10 (Z514 - Z51.4 Preparatory care for treatment, not elsewhere classified)",-0.0142585856984501,0.00262020206045786,0.0421030983770231,44535,-3.00913716625443,-3.00927293154462,0.0142585856984501,2.58166521617714,1,1,0,1,1
"Diagnoses - secondary ICD10 (Z921)",-0.0142583174789849,0.00262069034019848,0.0421030983770231,44535,-3.00908055344661,-3.00921631234542,0.0142583174789849,2.58158429209728,1,1,0,1,1
"Diagnoses - ICD10 (Z921 - Z92.1 Personal history of long-term (current) use of anticoagulants)",-0.0142583174789849,0.00262069034019848,0.0421030983770231,44535,-3.00908055344661,-3.00921631234542,0.0142583174789849,2.58158429209728,1,1,0,1,1
"Operative procedures - secondary OPCS4 (P233 - P23.3 Posterior colporrhaphy NEC)",-0.0142453529425072,0.00264439102660361,0.0424434814488612,44535,-3.00634414252693,-3.00647959275355,0.0142453529425072,2.57767432523031,1,1,0,1,1
"Diagnoses - main ICD10 (R092)",-0.0142407093314913,0.00265292763132044,0.0425400598811449,44535,-3.0053640207367,-3.00549936052675,0.0142407093314913,2.57627459688796,1,1,0,1,1
"Index for card B in round (2.4)",0.0146635032719359,0.00266536134988724,0.0426988865207268,41964,3.00394367485793,3.00408713748217,0.0146635032719359,2.574243904227,1,1,0,1,1
"Systolic blood pressure, automated reading (0.1)",-0.0148320045395932,0.00267657956803101,0.042837958299719,40981,-3.00266635972618,-3.00281310768846,0.0148320045395932,2.57241984159751,1,1,0,1,1
"Operative procedures - OPCS4 (T243 - T24.3 Repair of umbilical hernia using sutures)",-0.014224328684205,0.00268324259978221,0.0428887279800429,44535,-3.00190657684614,-3.00204152758162,0.014224328684205,2.57134005972327,1,1,0,1,1
"Operative procedures - main OPCS4 (M274 - M27.4 Ureteroscopic insertion of ureteric stent)",-0.0142221187855474,0.002687356511144,0.0428887279800429,44535,-3.00144013626798,-3.00157503457817,0.0142221187855474,2.57067471519988,1,1,0,1,1
"Femur troch BMC (bone mineral content) (left) (2.0)",0.0173347710579959,0.00268945028867126,0.0428887279800429,29972,3.00121938418425,3.00141979892987,0.0173347710579959,2.57033647873119,1,1,0,1,1
"Lipoprotein A (0.0)",-0.0163495806327641,0.0026899119295745,0.0428887279800429,33692,-3.00116158489531,-3.00133986047204,0.0163495806327641,2.57026193900352,1,1,0,1,1
"Treatment/medication code (1140910566.0 - glyclizide)",-0.0142023155908441,0.00272447987715219,0.0433989082318064,44535,-2.99726030174756,-2.99739473092221,0.0142023155908441,2.56471639542147,1,1,0,1,1
"Operative procedures - OPCS4 (S265 - S26.5 Local subcutaneous pedicle flap of skin to head or neck NEC)",-0.0141995424782184,0.00272971563020733,0.0434413274420837,44535,-2.99667498466433,-2.99680934823814,0.0141995424782184,2.56388259349566,1,1,0,1,1
"Diagnoses - ICD10 (O800 - O80.0 Spontaneous vertex delivery)",0.0141970422706317,0.00273444400525587,0.0434518908641541,44535,2.99614726931334,2.99628157376194,0.0141970422706317,2.56313096549007,1,1,0,1,1
"Operative procedures - main OPCS4 (G445 - G44.5 Fibreoptic endoscopic percutaneous insertion of gastrostomy)",-0.0141938584322949,0.00274047608879705,0.0434518908641541,44535,-2.99547526102142,-2.99560949020538,0.0141938584322949,2.56217398288162,1,1,0,1,1
"Diagnoses - secondary ICD10 (M2331)",-0.0141938442983442,0.00274050289399034,0.0434518908641541,44535,-2.99547227778839,-2.9956065066383,0.0141938442983442,2.56216973497351,1,1,0,1,1
"Operative procedures - main OPCS4 (H228 - H22.8 Other specified diagnostic endoscopic examination of colon)",-0.014193754601927,0.00274067300979118,0.0434518908641541,44535,-2.99545334569232,-2.99558757242229,0.014193754601927,2.56214277712545,1,1,0,1,1
"Time spent watching television (TV) (0.0)",-0.0142043429918181,0.00276457635217385,0.0437897483175005,44390,-2.9928038787264,-2.99293824653642,0.0142043429918181,2.55837141119825,1,1,0,1,1
"Operative procedures - OPCS4 (W595 - W59.5 Fusion of interphalangeal joint of toe NEC)",-0.0141749872981803,0.00277647948029936,0.0439370721882425,44535,-2.9914921584602,-2.99162594216175,0.0141749872981803,2.55650553185311,1,1,0,1,1
"Diagnoses - secondary ICD10 (N179)",-0.0141703978392138,0.00278530056376065,0.0440353932763096,44535,-2.99052346841909,-2.99065714394053,0.0141703978392138,2.55512793293568,1,1,0,1,1
"Operative procedures - main OPCS4 (U197 - U19.7 Removal of electrocardiography loop recorder)",-0.0141665622732845,0.00279269226721389,0.0440812572495345,44535,-2.9897139015178,-2.98984748667782,0.0141665622732845,2.55397691750846,1,1,0,1,1
"Diagnoses - ICD10 (M214 - M21.4 Flat foot [pes planus] (acquired))",-0.0141661836630842,0.00279342287574782,0.0440812572495345,44535,-2.9896339888598,-2.9897675651026,0.0141661836630842,2.55386331467415,1,1,0,1,1
"Diagnoses - secondary ICD10 (E220)",-0.014162884554243,0.00279979659612395,0.0441405840574724,44535,-2.98893765119485,-2.98907114975349,0.014162884554243,2.55287351879696,1,1,0,1,1
"Diagnoses - secondary ICD10 (Z881)",-0.0141579252037123,0.00280940281466591,0.0442094748607958,44535,-2.98789088907502,-2.98802427091702,0.0141579252037123,2.55138598680608,1,1,0,1,1
"Diagnoses - ICD10 (Z881 - Z88.1 Personal history of allergy to other antibiotic agents)",-0.0141579252037123,0.00280940281466591,0.0442094748607958,44535,-2.98789088907502,-2.98802427091702,0.0141579252037123,2.55138598680608,1,1,0,1,1
"Usual walking pace (2.0)",0.0142040572653327,0.0028228355104284,0.0443616740756216,44203,2.98643288273692,2.98656710279703,0.0142040572653327,2.54931442790855,1,1,0,1,1
"Diagnoses - main ICD10 (R876)",-0.014150249845679,0.00282432926451248,0.0443616740756216,44535,-2.98627086392085,-2.98640406527083,0.014150249845679,2.54908467397112,1,1,0,1,1
"Diagnoses - secondary ICD10 (Z953)",-0.0141426180437038,0.00283924277447731,0.0445131051504636,44535,-2.98466003242098,-2.98479305447773,0.0141426180437038,2.54679747076827,1,1,0,1,1
"Diagnoses - ICD10 (Z953 - Z95.3 Presence of xenogenic heart valve)",-0.0141426180437038,0.00283924277447731,0.0445131051504636,44535,-2.98466003242098,-2.98479305447773,0.0141426180437038,2.54679747076827,1,1,0,1,1
"Diagnoses - secondary ICD10 (E260)",-0.0141291089065602,0.00286581773366374,0.0448880634813658,44535,-2.98180868260725,-2.98194138772153,0.0141291089065602,2.54275143423917,1,1,0,1,1
"Diagnoses - secondary ICD10 (S809)",-0.0141251172879285,0.00287371332941247,0.0449700181345037,44535,-2.98096617889248,-2.98109879046228,0.0141251172879285,2.54155655758797,1,1,0,1,1
"Treatment/medication code (1140852976.0 - multivitamins)",-0.0141187766710184,0.00288629617891968,0.0451251027602397,44535,-2.97962787656111,-2.97976033963481,0.0141187766710184,2.5396591055812,1,1,0,1,1
"Diagnoses - secondary ICD10 (N390)",-0.0140930633040343,0.00293784110573665,0.0458884801760993,44535,-2.97420060601302,-2.97433246811256,0.0140930633040343,2.53197169689426,1,1,0,1,1
"Diagnoses - ICD10 (R068 - R06.8 Other and unspecified abnormalities of breathing)",-0.0140889855394565,0.00294609211836042,0.045974829407131,44535,-2.9733399205061,-2.9734716874808,0.0140889855394565,2.53075367776829,1,1,0,1,1
"Operative procedures - secondary OPCS4 (Z665 - Z66.5 Lumbar vertebra)",-0.0140804187570301,0.00296349519623667,0.0462037085765984,44535,-2.97153174741989,-2.97166331471241,0.0140804187570301,2.52819577240661,1,1,0,1,1
"Number of incorrect matches in round (0.1)",-0.0141556169253364,0.0029840943382515,0.0464819491710116,44000,-2.96940437690172,-2.969537306559,0.0141556169253364,2.52518745132858,1,1,0,1,1
"Operative procedures - secondary OPCS4 (M473 - M47.3 Removal of urethral catheter from bladder)",-0.0140673996117895,0.00299012271977546,0.0465329236160449,44535,-2.96878382413877,-2.96891508838724,0.0140673996117895,2.52431098711785,1,1,0,1,1
"Time to press 'next' (left) (2.12)",-0.0143617389405845,0.00299999896015267,0.046643630241416,42699,-2.96777167008639,-2.96790846271413,0.0143617389405845,2.52287889581368,1,1,0,1,1
"Diagnoses - main ICD10 (O800)",0.0140587208203178,0.00300799415036415,0.0467249137340374,44535,2.96695201065064,2.96708307316436,0.0140587208203178,2.52172301265056,1,1,0,1,1
"Operative procedures - main OPCS4 (M703 - M70.3 Rectal needle biopsy of prostate)",-0.0140428637281079,0.00304089904322377,0.047192628993413,44535,-2.96360509011828,-2.96373578461823,0.0140428637281079,2.51699799804023,1,1,0,1,1
"Diagnoses - ICD10 (K073 - K07.3 Anomalies of tooth position)",-0.0140321802146414,0.00306325304070698,0.0474665461424666,44535,-2.9613501459725,-2.96148059294835,0.0140321802146414,2.51381712671818,1,1,0,1,1
"Operative procedures - main OPCS4 (F324 - F32.4 Operations on uvula NEC)",-0.0140317427968176,0.00306417147144143,0.0474665461424666,44535,-2.96125782123215,-2.96138825808076,0.0140317427968176,2.51368693518267,1,1,0,1,1
"Mouth/teeth dental problems (2.0)",-0.0140609268880568,0.00313111255465199,0.048459060939779,44151,-2.95459590018936,-2.95472673599212,0.0140609268880568,2.50430132044259,1,1,0,1,1
"Diagnoses - ICD10 (C900 - C90.0 Multiple myeloma)",-0.0139986907259176,0.00313430047493708,0.048463977581788,44535,-2.9542816024651,-2.95441127572061,0.0139986907259176,2.50385937150754,1,1,0,1,1
"Nap during day (2.0)",-0.0140412332994257,0.00314330625084084,0.0485457093437238,44239,-2.95339628166197,-2.9535267253032,0.0140412332994257,2.50261330381512,1,1,0,1,1
"Anterior thigh fat-free muscle volume (right) (2.0)",0.0155488201825647,0.00314533645377754,0.0485457093437238,36071,2.95320418000637,2.95336413868906,0.0155488201825647,2.50233289164842,1,1,0,1,1
"Cancer code, self-reported (1020.0 - large bowel cancer/colorectal cancer)",-0.0139869077943006,0.0031596528672374,0.0487198168465014,44535,-2.95179460982557,-2.95192401164443,0.0139869077943006,2.50036062818047,1,1,0,1,1
"Duration to entering symbol choice (1.0)",-0.0162763647463151,0.00316238787466778,0.0487198168465014,32881,-2.95153858266025,-2.95171381556475,0.0162763647463151,2.49998486384816,1,1,0,1,1
"Diagnoses - ICD10 (N889 - N88.9 Noninflammatory disorder of cervix uteri, unspecified)",-0.0139749125819224,0.00318565387497639,0.0490014816639503,44535,-2.94926281248172,-2.949391938395,0.0139749125819224,2.49680141257561,1,1,0,1,1
"Operative procedures - secondary OPCS4 (K614 - K61.4 Removal of cardiac pacemaker system NEC)",-0.0139745353178722,0.00318647479224267,0.0490014816639503,44535,-2.94918318438303,-2.94931230162563,0.0139745353178722,2.49668951281356,1,1,0,1,1
"Summed MET minutes per week for all activity (2.0)",0.0153037807147584,0.00319849193978671,0.0491336745958116,37105,2.94802595532286,2.94818077867351,0.0153037807147584,2.49505473936898,1,1,0,1,1
"Operative procedures - OPCS4 (K636 - K63.6 Coronary arteriography NEC)",-0.0139662983004648,0.00320444646445533,0.0491336745958116,44535,-2.94744461969426,-2.94757354772976,0.0139662983004648,2.49424697962239,1,1,0,1,1
"Operative procedures - secondary OPCS4 (T243 - T24.3 Repair of umbilical hernia using sutures)",-0.0139655836009138,0.00320601015544336,0.0491336745958116,44535,-2.94729377003769,-2.94742268166573,0.0139655836009138,2.4940351062969,1,1,0,1,1
"Operative procedures - secondary OPCS4 (C901 - C90.1 Topical anaesthetic)",-0.0139652635342182,0.00320671065469851,0.0491336745958116,44535,-2.94722621444689,-2.94735511872761,0.0139652635342182,2.49394022520935,1,1,0,1,1
"Diagnoses - ICD10 (I482 - I48.2 Chronic atrial fibrillation)",-0.013956237736984,0.00322652206496031,0.0493588253296678,44535,-2.9453211646763,-2.94544986188871,0.013956237736984,2.4912653605715,1,1,0,1,1
"Operative procedures - secondary OPCS4 (U052 - U05.2 Magnetic resonance imaging of head)",-0.0139550690792642,0.00322909537963789,0.0493588253296678,44535,-2.94507449939609,-2.94520316981489,0.0139550690792642,2.49091912678877,1,1,0,1,1
"Diagnoses - main ICD10 (M0609)",-0.0139545791054299,0.00323017482909582,0.0493588253296678,44535,-2.94497108200679,-2.94509974119326,0.0139545791054299,2.49077397139744,1,1,0,1,1
